exclaiming_end, questioning_end, uppercase_word_count, people_tagged, #_of_exclamations, #_of_questions, punctuation_pairs, sentiment score, overall sentiment score, label
0, 0, 0.03571428571428571, 0, 0, 1, 0, -1.0, 0.0, 0
0, 0, 0.05263157894736842, 0, 0, 0, 0, -1.0, 0.0, 0
0, 0, 0.043478260869565216, 0, 0, 0, 0, -1.0, 0.0, 0
0, 0, 0.02702702702702703, 1, 0, 0, 0, -0.15399999999999997, 0.296, 0
0, 0, 0.11764705882352941, 0, 0, 0, 0, -1.0, 0.0, 0
0, 0, 0.21428571428571427, 0, 0, 0, 0, -0.6080000000000001, 0.4466, 0
0, 0, 0.12, 0, 0, 0, 0, -1.0, 0.0, 0
0, 0, 0.04, 0, 0, 0, 0, -1.0, 0.0, 0
0, 0, 0.038461538461538464, 0, 0, 0, 0, -1.0, 0.0, 0
0, 0, 0.015151515151515152, 1, 0, 1, 0, -0.31200000000000006, 0.4939, 0
0, 0, 0.047619047619047616, 0, 0, 1, 0, -0.14599999999999996, 0.5766, 0
0, 0, 0.031746031746031744, 0, 0, 1, 0, -1.0, 0.0, 0
0, 0, 0.02, 0, 0, 0, 0, -1.0, 0.0, 0
0, 0, 0.008, 0, 0, 0, 0, -0.691, -0.25, 0
0, 0, 0.038461538461538464, 0, 0, 0, 0, -1.0, 0.0, 0
0, 0, 0.0196078431372549, 0, 0, 0, 0, -1.0, 0.0, 0
0, 0, 0.06896551724137931, 0, 1, 0, 0, -1.0, 0.0, 0
0, 0, 0.125, 0, 0, 0, 0, -1.0, 0.0, 0
0, 0, 0.017937219730941704, 0, 0, 0, 0, -0.472, 0.2491, 0
0, 0, 0.02564102564102564, 0, 0, 0, 0, -1.0, 0.0, 0
0, 0, 0.01818181818181818, 0, 1, 0, 0, -1.0, 0.0, 0
0, 0, 0.025, 0, 0, 0, 0, -1.0, 0.0, 0
0, 0, 0.016666666666666666, 0, 0, 1, 0, -0.44399999999999995, -0.4019, 0
0, 0, 0.025, 0, 0, 1, 0, -1.0, 0.0, 0
0, 0, 0.043478260869565216, 0, 1, 0, 0, -1.0, 0.0, 0
0, 0, 0.02564102564102564, 0, 0, 0, 0, -0.6439999999999999, -0.0772, 0
0, 0, 0.15384615384615385, 0, 0, 0, 0, -1.0, 0.0, 0
0, 0, 0.011111111111111112, 0, 0, 0, 0, -1.0, 0.0, 0
0, 0, 0.1111111111111111, 0, 0, 0, 0, -1.0, 0.0, 0
0, 0, 0.11764705882352941, 0, 0, 0, 0, -1.0, 0.0, 0
0, 0, 0.03571428571428571, 0, 0, 0, 0, -1.0, 0.0, 0
0, 0, 0.017543859649122806, 0, 0, 1, 0, -0.6000000000000001, 0.25, 0
0, 0, 0.018867924528301886, 1, 0, 2, 1, -0.16599999999999998, -0.6939, 0
0, 0, 0.03125, 0, 0, 0, 0, 0.10400000000000004, 0.5719, 0
0, 0, 0.05, 0, 0, 0, 0, -1.0, 0.0, 0
0, 0, 0.045454545454545456, 0, 0, 0, 0, -1.0, 0.0, 0
0, 0, 0.011627906976744186, 0, 0, 0, 0, -0.41900000000000004, 0.3459, 0
0, 0, 0.029411764705882353, 0, 0, 0, 0, -1.0, 0.0, 0
0, 0, 0.01639344262295082, 0, 0, 0, 0, -1.0, 0.0, 0
0, 0, 0.019230769230769232, 0, 0, 0, 0, -1.0, 0.0, 0
0, 0, 0.021739130434782608, 0, 0, 1, 0, 0.04800000000000004, 0.765, 0
0, 0, 0.034482758620689655, 0, 0, 0, 0, -1.0, 0.0, 0
0, 0, 0.030303030303030304, 0, 0, 0, 0, -1.0, 0.0, 0
0, 0, 0.06666666666666667, 0, 0, 0, 0, -1.0, 0.0, 0
0, 0, 0.045454545454545456, 0, 0, 0, 0, 0.12999999999999995, 0.5994, 0
0, 0, 0.027777777777777776, 0, 0, 0, 0, -1.0, 0.0, 0
0, 0, 0.0035211267605633804, 0, 1, 1, 0, -0.44999999999999996, 0.9299, 0
0, 0, 0.010416666666666666, 0, 0, 0, 0, -0.453, -0.8047, 0
0, 0, 0.023255813953488372, 0, 0, 0, 0, -1.0, 0.0, 0
0, 0, 0.01098901098901099, 1, 0, 0, 0, -0.744, -0.2263, 0
0, 0, 0.021739130434782608, 0, 0, 0, 0, -0.45799999999999996, -0.3818, 0
0, 0, 0.020833333333333332, 0, 0, 1, 0, -1.0, 0.0, 0
0, 0, 0.037037037037037035, 0, 0, 0, 0, -1.0, 0.0, 0
0, 0, 0.03333333333333333, 0, 0, 0, 0, -1.0, 0.0, 0
0, 0, 0.15789473684210525, 0, 0, 0, 0, -1.0, 0.0, 0
0, 0, 0.043478260869565216, 0, 0, 0, 0, -1.0, 0.0, 0
0, 0, 0.045454545454545456, 0, 0, 0, 0, -1.0, 0.0, 0
0, 0, 0.02702702702702703, 1, 0, 0, 0, -1.0, 0.0, 0
0, 0, 0.05263157894736842, 0, 1, 0, 0, 0.14799999999999996, 0.4003, 0
0, 0, 0.045454545454545456, 0, 1, 0, 0, 0.14799999999999996, 0.4003, 0
0, 0, 0.047619047619047616, 0, 0, 0, 0, -1.0, 0.0, 0
0, 0, 0.058823529411764705, 0, 0, 0, 0, -1.0, 0.0, 0
0, 0, 0.13793103448275862, 0, 0, 0, 0, -1.0, 0.0, 0
0, 0, 0.058823529411764705, 0, 1, 0, 0, 0.14799999999999996, 0.4003, 0
0, 0, 0.058823529411764705, 0, 1, 0, 0, 0.14799999999999996, 0.4003, 0
0, 0, 0.05, 0, 1, 0, 0, 0.14799999999999996, 0.4003, 0
0, 0, 0.05, 0, 1, 0, 0, 0.14799999999999996, 0.4003, 0
0, 0, 0.047619047619047616, 0, 1, 0, 0, 0.14799999999999996, 0.4003, 0
0, 0, 0.043478260869565216, 0, 1, 0, 0, 0.19799999999999995, 0.4574, 0
0, 0, 0.02857142857142857, 0, 0, 0, 0, -1.0, 0.0, 0
0, 0, 0.027777777777777776, 0, 0, 0, 0, -1.0, 0.0, 0
0, 0, 0.06666666666666667, 0, 0, 0, 0, -1.0, 0.0, 0
0, 0, 0.03225806451612903, 0, 0, 0, 0, -1.0, 0.0, 0
0, 0, 0.03125, 0, 0, 0, 0, -1.0, 0.0, 0
0, 0, 0.05, 0, 1, 0, 0, 0.14799999999999996, 0.4003, 0
0, 0, 0.045454545454545456, 0, 1, 0, 0, 0.14799999999999996, 0.4003, 0
0, 0, 0.05263157894736842, 0, 1, 0, 0, -1.0, 0.0, 0
0, 0, 0.09523809523809523, 0, 0, 0, 0, 0.03200000000000003, -0.2808, 0
0, 0, 0.037037037037037035, 0, 1, 0, 0, -1.0, 0.0, 0
0, 0, 0.03571428571428571, 0, 0, 0, 0, -0.21299999999999997, -0.5423, 0
0, 0, 0.09090909090909091, 0, 0, 0, 0, -1.0, 0.0, 0
0, 0, 0.02, 0, 0, 0, 0, 0.07400000000000001, 0.7003, 0
0, 0, 0.03333333333333333, 0, 0, 0, 0, -1.0, 0.0, 0
0, 0, 0.045454545454545456, 0, 0, 0, 0, -1.0, 0.0, 0
0, 0, 0.05, 0, 0, 0, 0, -1.0, 0.0, 0
0, 0, 0.019230769230769232, 0, 0, 1, 0, -0.14199999999999996, -0.8176, 0
0, 0, 0.07692307692307693, 0, 0, 0, 0, 0.04800000000000004, -0.296, 0
0, 0, 0.125, 0, 0, 0, 0, -1.0, 0.0, 0
0, 0, 0.017241379310344827, 0, 0, 1, 0, -0.334, -0.6108, 0
0, 0, 0.05, 0, 0, 0, 0, -1.0, 0.0, 0
0, 0, 0.03125, 0, 0, 0, 0, -1.0, 0.0, 0
0, 0, 0.029411764705882353, 0, 0, 0, 0, -1.0, 0.0, 0
0, 0, 0.015384615384615385, 0, 0, 0, 0, -0.418, -0.6249, 0
0, 0, 0.018867924528301886, 0, 0, 0, 0, -1.0, 0.0, 0
0, 0, 0.03389830508474576, 0, 0, 0, 0, -0.538, 0.4588, 0
0, 0, 0.02631578947368421, 1, 0, 0, 0, -1.0, 0.0, 0
0, 0, 0.03225806451612903, 0, 0, 0, 0, -1.0, 0.0, 0
0, 0, 0.01818181818181818, 1, 0, 0, 0, -1.0, 0.0, 0
0, 0, 0.022222222222222223, 0, 0, 0, 0, -1.0, 0.0, 0
0, 0, 0.05263157894736842, 0, 0, 0, 0, -1.0, 0.0, 0
0, 0, 0.01818181818181818, 0, 0, 0, 0, -1.0, 0.0, 0
0, 0, 0.02702702702702703, 0, 1, 0, 0, -0.43, 0.4199, 0
0, 0, 0.02857142857142857, 1, 2, 0, 0, -0.6599999999999999, 0.5399, 0
0, 0, 0.025974025974025976, 1, 0, 1, 0, -0.44299999999999995, 0.52, 0
0, 0, 0.034482758620689655, 0, 3, 0, 2, -1.0, 0.0, 0
0, 0, 0.03225806451612903, 0, 0, 0, 0, -1.0, 0.0, 0
0, 0, 0.023255813953488372, 0, 0, 0, 0, -0.503, -0.4385, 0
0, 0, 0.037037037037037035, 0, 0, 0, 0, -0.29000000000000004, -0.296, 0
0, 0, 0.03225806451612903, 0, 0, 0, 0, -1.0, 0.0, 0
0, 0, 0.0625, 0, 0, 0, 0, -1.0, 0.0, 0
0, 0, 0.01282051282051282, 1, 0, 1, 0, -1.0, 0.0, 0
0, 0, 0.038461538461538464, 0, 0, 0, 0, -1.0, 0.0, 0
0, 1, 0.023809523809523808, 1, 0, 1, 0, -1.0, 0.0, 0
0, 0, 0.05, 0, 0, 0, 0, -1.0, 0.0, 0
0, 0, 0.05405405405405406, 0, 0, 0, 0, 0.04200000000000004, 0.7603, 0
0, 0, 0.05263157894736842, 0, 1, 0, 0, -1.0, 0.0, 0
0, 0, 0.02564102564102564, 0, 0, 0, 0, -0.6659999999999999, -0.1027, 0
0, 0, 0.024096385542168676, 0, 0, 0, 0, -0.6759999999999999, -0.1779, 0
0, 0, 0.05555555555555555, 0, 0, 0, 0, -1.0, 0.0, 0
0, 0, 0.013333333333333334, 1, 0, 1, 0, -0.256, -0.7972, 0
0, 0, 0.014084507042253521, 0, 0, 0, 0, -1.0, 0.0, 0
0, 0, 0.07058823529411765, 0, 0, 0, 0, -1.0, 0.0, 0
0, 0, 0.0625, 0, 0, 0, 0, -1.0, 0.0, 0
0, 0, 0.058823529411764705, 0, 0, 0, 0, -0.29800000000000004, 0.4019, 0
0, 0, 0.047619047619047616, 0, 0, 0, 0, -1.0, 0.0, 0
0, 0, 0.12903225806451613, 0, 0, 0, 0, -1.0, 0.0, 0
0, 0, 0.038461538461538464, 0, 0, 0, 0, -1.0, 0.0, 0
0, 0, 0.027777777777777776, 0, 0, 0, 0, -0.14999999999999997, 0.5719, 0
0, 0, 0.013888888888888888, 0, 0, 0, 0, -0.778, 0.1901, 0
0, 0, 0.02702702702702703, 0, 0, 0, 0, -1.0, 0.0, 0
0, 0, 0.04, 0, 0, 0, 0, -1.0, 0.0, 0
0, 0, 0.018867924528301886, 0, 0, 3, 2, -1.0, 0.0, 0
0, 0, 0.004761904761904762, 0, 0, 0, 0, -0.798, 0.4215, 0
0, 0, 0.007692307692307693, 1, 3, 0, 0, -0.186, 0.8928, 0
0, 0, 0.1, 0, 0, 0, 0, 0.10800000000000004, 0.5766, 0
0, 0, 0.11764705882352941, 0, 0, 0, 0, -1.0, 0.0, 0
0, 0, 0.045454545454545456, 0, 0, 0, 0, -1.0, 0.0, 0
0, 0, 0.07692307692307693, 0, 0, 0, 0, -1.0, 0.0, 0
0, 0, 0.023255813953488372, 0, 0, 0, 0, -0.22399999999999998, 0.6908, 0
0, 0, 0.07142857142857142, 0, 0, 0, 0, -1.0, 0.0, 0
0, 0, 0.037037037037037035, 0, 0, 0, 0, -1.0, 0.0, 0
0, 0, 0.05, 0, 0, 0, 0, -1.0, 0.0, 0
0, 0, 0.020833333333333332, 0, 0, 0, 0, -0.184, 0.7351, 0
0, 0, 0.023809523809523808, 0, 0, 0, 0, -1.0, 0.0, 0
0, 0, 0.027777777777777776, 0, 0, 0, 0, -1.0, 0.0, 0
0, 0, 0.029411764705882353, 0, 0, 0, 0, -1.0, 0.0, 0
0, 0, 0.11764705882352941, 0, 0, 0, 0, -1.0, 0.0, 0
0, 0, 0.022727272727272728, 0, 0, 0, 0, -1.0, 0.0, 0
0, 0, 0.05, 0, 0, 0, 0, -1.0, 0.0, 0
0, 0, 0.125, 0, 0, 0, 0, -1.0, 0.0, 0
0, 0, 0.03571428571428571, 0, 0, 0, 0, 0.07600000000000001, -0.5423, 0
0, 0, 0.11764705882352941, 0, 0, 0, 0, -1.0, 0.0, 0
0, 0, 0.05555555555555555, 0, 0, 0, 0, -1.0, 0.0, 0
0, 0, 0.02702702702702703, 0, 0, 0, 0, -1.0, 0.0, 0
0, 0, 0.024390243902439025, 0, 0, 3, 2, -0.29800000000000004, 0.5007, 0
0, 0, 0.015151515151515152, 0, 0, 0, 0, -1.0, 0.0, 0
0, 0, 0.041666666666666664, 0, 0, 0, 0, -1.0, 0.0, 0
0, 0, 0.09090909090909091, 0, 0, 0, 0, -1.0, 0.0, 0
0, 0, 0.02631578947368421, 0, 0, 3, 1, -1.0, 0.0, 0
0, 0, 0.02564102564102564, 0, 1, 0, 0, -1.0, 0.0, 0
0, 0, 0.043478260869565216, 0, 0, 0, 0, -1.0, 0.0, 0
0, 0, 0.0625, 0, 1, 0, 0, -1.0, 0.0, 0
0, 0, 0.027777777777777776, 1, 0, 0, 0, -1.0, 0.0, 0
0, 0, 0.10526315789473684, 0, 0, 0, 0, -1.0, 0.0, 0
0, 0, 0.010416666666666666, 0, 0, 0, 0, -0.30800000000000005, 0.8402, 0
0, 0, 0.05, 0, 0, 0, 0, -1.0, 0.0, 0
0, 0, 0.10344827586206896, 0, 0, 0, 0, 0.006000000000000005, -0.4648, 0
0, 0, 0.03333333333333333, 0, 0, 0, 0, -0.448, 0.0258, 0
0, 0, 0.017857142857142856, 0, 0, 0, 0, -1.0, 0.0, 0
0, 0, 0.045454545454545456, 0, 0, 0, 0, -1.0, 0.0, 0
0, 0, 0.04, 0, 0, 0, 0, -1.0, 0.0, 0
0, 0, 0.023255813953488372, 0, 0, 0, 0, -0.36400000000000005, 0.4215, 0
0, 0, 0.02040816326530612, 0, 0, 1, 0, -0.5980000000000001, -0.2516, 0
0, 0, 0.08, 0, 0, 0, 0, -1.0, 0.0, 0
0, 0, 0.05263157894736842, 0, 0, 0, 0, -0.15399999999999997, -0.296, 0
0, 0, 0.015151515151515152, 0, 0, 0, 0, -1.0, 0.0, 0
0, 0, 0.13636363636363635, 0, 0, 0, 0, 0.12200000000000005, -0.5904, 0
0, 0, 0.01282051282051282, 1, 0, 0, 0, -0.762, 0.1901, 0
0, 0, 0.05555555555555555, 0, 1, 0, 0, -1.0, 0.0, 0
0, 0, 0.08333333333333333, 0, 0, 0, 0, -1.0, 0.0, 0
0, 0, 0.05555555555555555, 0, 0, 0, 0, 0.04800000000000004, 0.296, 0
0, 0, 0.008771929824561403, 1, 0, 0, 0, -1.0, 0.0, 0
0, 0, 0.02, 0, 0, 0, 0, -0.5920000000000001, 0.3182, 0
0, 0, 0.05263157894736842, 0, 0, 0, 0, -1.0, 0.0, 0
0, 0, 0.05, 0, 0, 0, 0, -1.0, 0.0, 0
0, 0, 0.034482758620689655, 0, 0, 0, 0, -0.37000000000000005, -0.3182, 0
0, 0, 0.0625, 0, 0, 0, 0, 0.16599999999999998, 0.4215, 0
0, 0, 0.06060606060606061, 0, 0, 0, 0, -0.07600000000000001, -0.6486, 0
0, 0, 0.1111111111111111, 0, 0, 0, 0, 0.18999999999999995, 0.4466, 0
0, 0, 0.15384615384615385, 0, 0, 0, 0, 0.18999999999999995, -0.4466, 0
0, 0, 0.014925373134328358, 1, 0, 0, 0, -0.527, 0.2732, 0
0, 0, 0.05555555555555555, 0, 0, 0, 0, -1.0, 0.0, 0
0, 0, 0.05263157894736842, 0, 0, 0, 0, -1.0, 0.0, 0
0, 0, 0.11764705882352941, 0, 0, 0, 0, -1.0, 0.0, 0
0, 0, 0.02857142857142857, 0, 0, 0, 0, -1.0, 0.0, 0
0, 0, 0.09090909090909091, 0, 0, 0, 0, -1.0, 0.0, 0
0, 0, 0.0625, 0, 0, 0, 0, 0.31000000000000005, 0.5859, 0
0, 0, 0.09523809523809523, 0, 0, 0, 0, -1.0, 0.0, 0
0, 0, 0.18181818181818182, 0, 0, 0, 0, -1.0, 0.0, 0
0, 0, 0.04, 0, 0, 0, 0, -1.0, 0.0, 0
0, 0, 0.05263157894736842, 0, 0, 0, 0, -1.0, 0.0, 0
0, 0, 0.125, 0, 0, 0, 0, 0.314, -0.5904, 0
0, 0, 0.05555555555555555, 1, 0, 0, 0, -1.0, 0.0, 0
0, 0, 0.1, 0, 0, 0, 0, -1.0, 0.0, 0
0, 0, 0.04, 0, 0, 0, 0, -1.0, 0.0, 0
0, 0, 0.00684931506849315, 0, 1, 0, 0, -1.0, 0.0, 0
0, 0, 0.038461538461538464, 0, 0, 0, 0, -0.052000000000000046, -0.5574, 0
0, 0, 0.05263157894736842, 0, 0, 0, 0, -1.0, 0.0, 0
0, 0, 0.09523809523809523, 0, 0, 0, 0, -1.0, 0.0, 0
0, 0, 0.09523809523809523, 0, 0, 0, 0, -1.0, 0.0, 0
0, 0, 0.04, 1, 0, 0, 0, -1.0, 0.0, 0
0, 0, 0.058823529411764705, 0, 0, 0, 0, 0.04800000000000004, 0.296, 0
0, 0, 0.022222222222222223, 0, 0, 0, 0, -1.0, 0.0, 0
0, 0, 0.0625, 0, 0, 0, 0, -1.0, 0.0, 0
0, 0, 0.1111111111111111, 0, 0, 0, 0, -1.0, 0.0, 0
0, 0, 0.0625, 0, 0, 0, 0, -1.0, 0.0, 0
0, 0, 0.04, 0, 0, 0, 0, -1.0, 0.0, 0
0, 0, 0.034482758620689655, 0, 0, 0, 0, -1.0, 0.0, 0
0, 0, 0.09523809523809523, 0, 0, 0, 0, -1.0, 0.0, 0
0, 0, 0.041666666666666664, 0, 0, 0, 0, -1.0, 0.0, 0
0, 0, 0.05, 0, 0, 0, 0, -1.0, 0.0, 0
0, 0, 0.02564102564102564, 0, 0, 0, 0, -0.266, 0.4404, 0
0, 0, 0.07142857142857142, 0, 0, 0, 0, -0.066, -0.5423, 0
0, 0, 0.0625, 0, 0, 0, 0, 0.16599999999999998, 0.4215, 0
0, 0, 0.09090909090909091, 0, 0, 0, 0, -1.0, 0.0, 0
0, 0, 0.1111111111111111, 0, 0, 0, 0, -1.0, 0.0, 0
0, 0, 0.05, 0, 0, 0, 0, -1.0, 0.0, 0
0, 0, 0.029411764705882353, 0, 0, 0, 0, -1.0, 0.0, 0
0, 0, 0.05263157894736842, 0, 0, 0, 0, -1.0, 0.0, 0
0, 0, 0.05, 0, 0, 0, 0, -1.0, 0.0, 0
0, 0, 0.13333333333333333, 0, 0, 0, 0, -1.0, 0.0, 0
0, 0, 0.03333333333333333, 0, 0, 0, 0, -0.27, 0.3182, 0
0, 0, 0.03125, 0, 0, 0, 0, -1.0, 0.0, 0
0, 0, 0.14285714285714285, 0, 0, 0, 0, -1.0, 0.0, 0
0, 0, 0.017241379310344827, 0, 0, 0, 0, -0.526, -0.4767, 0
0, 0, 0.02702702702702703, 0, 0, 0, 0, -1.0, 0.0, 0
0, 0, 0.05, 0, 0, 0, 0, -1.0, 0.0, 0
0, 0, 0.15384615384615385, 0, 0, 0, 0, 0.18999999999999995, 0.4466, 0
0, 0, 0.021739130434782608, 0, 0, 0, 0, -1.0, 0.0, 0
0, 0, 0.030303030303030304, 0, 0, 0, 0, 0.5, 0.7184, 0
0, 0, 0.046875, 1, 0, 0, 0, -1.0, 0.0, 0
0, 1, 0.058823529411764705, 0, 0, 1, 0, -1.0, 0.0, 0
0, 0, 0.07692307692307693, 0, 0, 0, 0, 0.038000000000000034, -0.4995, 0
0, 0, 0.043478260869565216, 0, 0, 0, 0, -1.0, 0.0, 0
0, 0, 0.05, 0, 0, 0, 0, -1.0, 0.0, 0
0, 0, 0.16216216216216217, 0, 0, 0, 0, -1.0, 0.0, 0
0, 0, 0.038461538461538464, 0, 1, 0, 0, -1.0, 0.0, 0
0, 0, 0.022727272727272728, 0, 0, 0, 0, -1.0, 0.0, 0
0, 0, 0.125, 0, 0, 0, 0, 0.18999999999999995, -0.4466, 0
0, 0, 0.0425531914893617, 0, 0, 0, 0, -0.28400000000000003, 0.5994, 0
0, 0, 0.043478260869565216, 0, 0, 0, 0, -1.0, 0.0, 0
0, 0, 0.022222222222222223, 0, 0, 0, 0, -1.0, 0.0, 0
0, 0, 0.03571428571428571, 0, 0, 0, 0, -1.0, 0.0, 0
0, 0, 0.1875, 0, 0, 0, 0, -1.0, 0.0, 0
0, 0, 0.03333333333333333, 0, 0, 0, 0, -1.0, 0.0, 0
0, 0, 0.1724137931034483, 0, 0, 0, 0, -1.0, 0.0, 0
0, 0, 0.043478260869565216, 0, 0, 0, 0, -1.0, 0.0, 0
0, 0, 0.09523809523809523, 0, 0, 0, 0, -1.0, 0.0, 0
0, 0, 0.047619047619047616, 0, 0, 0, 0, -1.0, 0.0, 0
0, 0, 0.125, 1, 1, 0, 0, 0.6739999999999999, 0.9468, 0
0, 0, 0.015384615384615385, 0, 1, 0, 0, -0.552, 0.3802, 0
0, 0, 0.058823529411764705, 0, 0, 0, 0, -1.0, 0.0, 0
0, 0, 0.022727272727272728, 0, 0, 0, 0, -0.516, 0.4939, 0
0, 0, 0.03571428571428571, 0, 0, 0, 0, -0.11200000000000004, -0.34, 0
0, 0, 0.15384615384615385, 0, 0, 0, 0, 0.18999999999999995, 0.4466, 0
0, 0, 0.18181818181818182, 0, 0, 0, 0, -1.0, 0.0, 0
0, 0, 0.02702702702702703, 0, 0, 12, 11, -1.0, 0.0, 0
0, 0, 0.14814814814814814, 0, 0, 0, 0, -1.0, 0.0, 0
0, 0, 0.03125, 0, 0, 0, 0, -1.0, 0.0, 0
0, 0, 0.02127659574468085, 0, 0, 1, 0, -1.0, 0.0, 0
0, 0, 0.05263157894736842, 0, 0, 0, 0, -0.46399999999999997, 0.296, 0
0, 0, 0.02857142857142857, 0, 0, 0, 0, -1.0, 0.0, 0
0, 0, 0.03125, 1, 0, 0, 0, -1.0, 0.0, 0
0, 0, 0.2222222222222222, 0, 0, 0, 0, -0.22699999999999998, -0.2023, 0
0, 0, 0.041666666666666664, 0, 0, 0, 0, -1.0, 0.0, 0
0, 0, 0.045454545454545456, 0, 0, 0, 0, -1.0, 0.0, 0
0, 0, 0.1111111111111111, 0, 0, 0, 0, -1.0, 0.0, 0
0, 0, 0.043478260869565216, 0, 0, 0, 0, 0.02400000000000002, 0.6369, 0
0, 0, 0.03125, 0, 0, 0, 0, -1.0, 0.0, 0
0, 0, 0.013888888888888888, 1, 0, 0, 0, -0.702, 0.2732, 0
0, 0, 0.08695652173913043, 0, 0, 0, 0, -1.0, 0.0, 0
0, 0, 0.022727272727272728, 0, 0, 1, 0, -1.0, 0.0, 0
0, 0, 0.08695652173913043, 0, 0, 0, 0, 0.236, 0.4995, 0
0, 0, 0.17647058823529413, 0, 1, 0, 0, -1.0, 0.0, 0
0, 0, 0.041666666666666664, 0, 0, 0, 0, -1.0, 0.0, 0
0, 0, 0.043478260869565216, 0, 0, 0, 0, -1.0, 0.0, 0
0, 0, 0.05555555555555555, 0, 0, 0, 0, -1.0, 0.0, 0
0, 0, 0.05128205128205128, 1, 0, 0, 0, -1.0, 0.0, 0
0, 0, 0.05263157894736842, 0, 0, 0, 0, -1.0, 0.0, 0
0, 0, 0.05263157894736842, 0, 0, 0, 0, -1.0, 0.0, 0
0, 0, 0.08695652173913043, 0, 0, 0, 0, -1.0, 0.0, 0
0, 0, 0.175, 0, 0, 0, 0, -1.0, 0.0, 0
0, 0, 0.03571428571428571, 1, 0, 0, 0, -1.0, 0.0, 0
0, 0, 0.05263157894736842, 0, 0, 0, 0, -1.0, 0.0, 0
0, 0, 0.041666666666666664, 0, 0, 0, 0, 0.38799999999999996, -0.7783, 0
0, 0, 0.058823529411764705, 0, 0, 0, 0, -1.0, 0.0, 0
0, 0, 0.16666666666666666, 0, 0, 0, 0, 0.16599999999999998, 0.4215, 0
0, 0, 0.030303030303030304, 0, 0, 0, 0, -1.0, 0.0, 0
0, 0, 0.025, 0, 1, 0, 0, -0.43, 0.2481, 0
0, 0, 0.03125, 0, 0, 0, 0, -1.0, 0.0, 0
0, 0, 0.030303030303030304, 0, 1, 0, 0, -1.0, 0.0, 0
0, 0, 0.047619047619047616, 0, 0, 0, 0, -1.0, 0.0, 0
0, 0, 0.08, 0, 0, 0, 0, -1.0, 0.0, 0
0, 0, 0.3333333333333333, 0, 0, 0, 0, -1.0, 0.0, 0
1, 0, 0.010869565217391304, 1, 1, 0, 0, -0.616, 0.3164, 0
0, 0, 0.14285714285714285, 0, 0, 0, 0, -1.0, 0.0, 0
0, 0, 0.037037037037037035, 0, 0, 0, 0, -1.0, 0.0, 0
0, 0, 0.09523809523809523, 0, 0, 0, 0, -1.0, 0.0, 0
0, 0, 0.0196078431372549, 0, 0, 0, 0, -1.0, 0.0, 0
0, 0, 0.05263157894736842, 0, 0, 0, 0, -1.0, 0.0, 0
0, 0, 0.02702702702702703, 0, 0, 0, 0, -0.23399999999999999, -0.4767, 0
0, 0, 0.022727272727272728, 0, 0, 0, 0, -0.01200000000000001, 0.7056, 0
0, 0, 0.058823529411764705, 0, 0, 0, 0, -1.0, 0.0, 0
0, 0, 0.11764705882352941, 0, 0, 0, 0, 0.18999999999999995, 0.4466, 0
0, 0, 0.04, 0, 0, 0, 0, -1.0, 0.0, 0
0, 0, 0.06666666666666667, 1, 0, 0, 0, -1.0, 0.0, 0
0, 0, 0.05, 0, 0, 0, 0, -1.0, 0.0, 0
0, 0, 0.10526315789473684, 0, 0, 0, 0, -1.0, 0.0, 0
0, 0, 0.05263157894736842, 0, 0, 0, 0, -1.0, 0.0, 0
0, 0, 0.047619047619047616, 0, 0, 0, 0, -1.0, 0.0, 0
0, 0, 0.03125, 0, 0, 0, 0, -1.0, 0.0, 0
0, 0, 0.04, 0, 0, 0, 0, -1.0, 0.0, 0
0, 0, 0.058823529411764705, 0, 0, 0, 0, -1.0, 0.0, 0
0, 0, 0.15384615384615385, 0, 0, 0, 0, -1.0, 0.0, 0
0, 0, 0.03333333333333333, 0, 0, 0, 0, -1.0, 0.0, 0
0, 0, 0.043478260869565216, 0, 0, 0, 0, -1.0, 0.0, 0
0, 0, 0.0625, 0, 0, 1, 0, -0.29600000000000004, -0.5859, 0
0, 0, 0.13333333333333333, 0, 0, 0, 0, -1.0, 0.0, 0
0, 0, 0.06666666666666667, 0, 0, 0, 0, -1.0, 0.0, 0
0, 0, 0.03333333333333333, 0, 1, 0, 0, -0.10800000000000004, 0.6166, 0
0, 0, 0.02564102564102564, 0, 0, 0, 0, -1.0, 0.0, 0
0, 0, 0.05, 0, 0, 0, 0, -1.0, 0.0, 0
0, 0, 0.09090909090909091, 0, 0, 0, 0, -1.0, 0.0, 0
0, 0, 0.041666666666666664, 0, 0, 0, 0, -0.13199999999999995, -0.3182, 0
0, 0, 0.027777777777777776, 0, 0, 0, 0, 0.15399999999999997, -0.4767, 0
0, 0, 0.04, 0, 0, 0, 0, -0.052000000000000046, -0.4019, 0
0, 0, 0.037037037037037035, 0, 0, 0, 0, -1.0, 0.0, 0
0, 0, 0.11764705882352941, 0, 0, 0, 0, -1.0, 0.0, 0
0, 0, 0.015384615384615385, 0, 0, 0, 0, -0.692, 0.25, 0
0, 0, 0.041666666666666664, 0, 1, 0, 0, -1.0, 0.0, 0
0, 0, 0.10526315789473684, 0, 0, 0, 0, -1.0, 0.0, 0
0, 0, 0.13333333333333333, 0, 0, 0, 0, -1.0, 0.0, 0
0, 0, 0.030303030303030304, 0, 0, 0, 0, -1.0, 0.0, 0
0, 0, 0.05714285714285714, 0, 0, 0, 0, -1.0, 0.0, 0
0, 0, 0.125, 0, 0, 0, 0, -1.0, 0.0, 0
0, 0, 0.10714285714285714, 0, 0, 0, 0, 0.006000000000000005, 0.4648, 0
0, 0, 0.0625, 0, 0, 0, 0, -1.0, 0.0, 0
0, 0, 0.022222222222222223, 0, 0, 0, 0, -0.49, 0.34, 0
0, 0, 0.09090909090909091, 0, 0, 0, 0, -1.0, 0.0, 0
0, 0, 0.043478260869565216, 0, 0, 0, 0, -1.0, 0.0, 0
0, 0, 0.02, 0, 0, 0, 0, -0.15999999999999998, 0.7003, 0
0, 0, 0.034482758620689655, 0, 0, 0, 0, -0.6319999999999999, -0.3071, 0
0, 0, 0.05, 0, 0, 0, 0, 0.19999999999999996, 0.4588, 0
0, 0, 0.02857142857142857, 0, 0, 1, 0, -1.0, 0.0, 0
0, 0, 0.03125, 1, 0, 0, 0, -0.43799999999999994, 0.5448, 0
0, 0, 0.012658227848101266, 0, 0, 1, 0, -0.7, 0.4588, 0
0, 0, 0.011363636363636364, 0, 0, 0, 0, -0.692, -0.4767, 0
0, 0, 0.15, 0, 0, 0, 0, -1.0, 0.0, 0
0, 0, 0.11363636363636363, 0, 1, 0, 0, -1.0, 0.0, 0
0, 0, 0.1282051282051282, 0, 0, 1, 0, -1.0, 0.0, 0
0, 0, 0.0625, 0, 0, 0, 0, -0.37999999999999995, -0.4019, 0
0, 0, 0.08333333333333333, 0, 0, 0, 0, -1.0, 0.0, 0
0, 0, 0.014492753623188406, 0, 0, 0, 0, -0.472, -0.5664, 0
0, 0, 0.022727272727272728, 0, 1, 0, 0, -1.0, 0.0, 0
0, 0, 0.02702702702702703, 0, 0, 5, 4, -1.0, 0.0, 0
0, 0, 0.007874015748031496, 0, 0, 0, 0, -0.8119999999999999, 0.1027, 0
0, 0, 0.02631578947368421, 0, 1, 1, 1, -1.0, 0.0, 0
0, 0, 0.1111111111111111, 0, 0, 0, 0, -1.0, 0.0, 0
0, 0, 0.0625, 0, 0, 0, 0, 0.19999999999999996, 0.4588, 0
0, 0, 0.030303030303030304, 1, 0, 0, 0, -1.0, 0.0, 0
0, 0, 0.05, 0, 0, 1, 0, -1.0, 0.0, 0
0, 0, 0.058823529411764705, 0, 0, 0, 0, -1.0, 0.0, 0
0, 0, 0.017241379310344827, 0, 0, 0, 0, -0.42, 0.624, 0
0, 0, 0.034482758620689655, 0, 0, 1, 0, -1.0, 0.0, 0
0, 0, 0.03225806451612903, 1, 0, 0, 0, -1.0, 0.0, 0
0, 0, 0.04, 0, 0, 0, 0, -1.0, 0.0, 0
0, 0, 0.025, 0, 1, 0, 0, -1.0, 0.0, 0
0, 0, 0.05263157894736842, 0, 0, 0, 0, -1.0, 0.0, 0
0, 0, 0.11627906976744186, 0, 0, 0, 0, -1.0, 0.0, 0
0, 0, 0.023809523809523808, 0, 0, 0, 0, -1.0, 0.0, 0
0, 0, 0.015384615384615385, 0, 0, 0, 0, -1.0, 0.0, 0
0, 0, 0.012048192771084338, 0, 0, 1, 0, -0.6140000000000001, -0.6486, 0
0, 0, 0.1, 0, 0, 0, 0, -1.0, 0.0, 0
0, 0, 0.02127659574468085, 0, 0, 0, 0, -1.0, 0.0, 0
0, 0, 0.021739130434782608, 0, 0, 1, 0, -1.0, 0.0, 0
0, 0, 0.05128205128205128, 0, 0, 1, 0, -1.0, 0.0, 0
0, 0, 0.022727272727272728, 0, 0, 0, 0, -0.5680000000000001, -0.296, 0
0, 0, 0.025974025974025976, 0, 0, 1, 0, -0.73, 0.3612, 0
0, 0, 0.125, 0, 0, 0, 0, -1.0, 0.0, 0
0, 0, 0.04, 0, 0, 0, 0, -1.0, 0.0, 0
0, 0, 0.038461538461538464, 0, 0, 0, 0, -1.0, 0.0, 0
0, 0, 0.04, 0, 1, 0, 0, -1.0, 0.0, 0
0, 0, 0.0196078431372549, 0, 0, 0, 0, -0.21999999999999997, 0.9152, 0
0, 0, 0.012658227848101266, 1, 0, 1, 0, -0.22999999999999998, 0.7579, 0
0, 0, 0.009259259259259259, 0, 0, 0, 0, -0.20999999999999996, 0.9291, 0
0, 0, 0.011363636363636364, 0, 0, 0, 0, -0.256, -0.7717, 0
0, 0, 0.021739130434782608, 1, 0, 0, 0, -1.0, 0.0, 0
0, 0, 0.08, 0, 0, 0, 0, -1.0, 0.0, 0
0, 0, 0.047619047619047616, 0, 0, 0, 0, -1.0, 0.0, 0
0, 0, 0.043478260869565216, 0, 0, 0, 0, -1.0, 0.0, 0
0, 0, 0.1111111111111111, 0, 0, 0, 0, -1.0, 0.0, 0
0, 0, 0.21428571428571427, 0, 0, 0, 0, -1.0, 0.0, 0
0, 0, 0.05555555555555555, 0, 0, 0, 0, -1.0, 0.0, 0
0, 0, 0.024390243902439025, 0, 0, 0, 0, -0.46399999999999997, -0.296, 0
0, 0, 0.11764705882352941, 0, 0, 0, 0, -1.0, 0.0, 0
0, 0, 0.1111111111111111, 0, 0, 0, 0, -1.0, 0.0, 0
0, 0, 0.018518518518518517, 1, 0, 1, 0, -0.09000000000000002, 0.7697, 0
0, 0, 0.022727272727272728, 0, 0, 0, 0, -0.276, 0.34, 0
0, 0, 0.08, 0, 0, 0, 0, -1.0, 0.0, 0
0, 0, 0.0625, 0, 0, 0, 0, -1.0, 0.0, 0
0, 0, 0.1, 0, 0, 0, 0, -1.0, 0.0, 0
0, 0, 0.017241379310344827, 1, 0, 0, 0, -0.6160000000000001, 0.431, 0
0, 0, 0.04, 0, 0, 0, 0, -0.336, 0.0128, 0
0, 0, 0.029850746268656716, 0, 0, 0, 0, -0.6180000000000001, 0.25, 0
0, 0, 0.01639344262295082, 0, 0, 0, 0, -0.6399999999999999, 0.296, 0
0, 0, 0.0625, 0, 0, 0, 0, -1.0, 0.0, 0
0, 0, 0.05263157894736842, 0, 0, 0, 0, -1.0, 0.0, 0
0, 0, 0.016666666666666666, 0, 0, 0, 0, -0.712, 0.1615, 0
0, 0, 0.02702702702702703, 1, 0, 0, 0, -1.0, 0.0, 0
0, 0, 0.044444444444444446, 0, 0, 0, 0, -0.21599999999999997, 0.7003, 0
0, 0, 0.013513513513513514, 0, 0, 1, 0, -0.08400000000000002, 0.8519, 0
0, 0, 0.043478260869565216, 1, 0, 0, 0, -0.36400000000000005, 0.6369, 0
0, 0, 0.022727272727272728, 0, 0, 0, 0, -0.46799999999999997, 0.4404, 0
0, 0, 0.02631578947368421, 0, 0, 0, 0, -1.0, 0.0, 0
0, 0, 0.03125, 0, 1, 0, 0, -1.0, 0.0, 0
0, 0, 0.05555555555555555, 0, 0, 0, 0, -0.06899999999999995, 0.4939, 0
0, 0, 0.037037037037037035, 0, 0, 0, 0, -1.0, 0.0, 0
0, 0, 0.034482758620689655, 1, 0, 0, 0, -0.12599999999999995, -0.4767, 0
0, 0, 0.023809523809523808, 0, 0, 0, 0, -0.23199999999999998, 0.3597, 0
0, 0, 0.13333333333333333, 0, 0, 0, 0, -1.0, 0.0, 0
0, 0, 0.1111111111111111, 0, 0, 0, 0, -1.0, 0.0, 0
0, 0, 0.02127659574468085, 1, 0, 1, 0, -0.512, 0.4404, 0
0, 0, 0.029411764705882353, 0, 0, 0, 0, -1.0, 0.0, 0
0, 0, 0.13793103448275862, 0, 2, 2, 3, -0.14599999999999996, -0.4547, 0
0, 0, 0.043478260869565216, 0, 0, 0, 0, 0.14799999999999996, -0.4019, 0
0, 0, 0.04, 0, 0, 0, 0, -1.0, 0.0, 0
0, 0, 0.1111111111111111, 0, 0, 0, 0, -1.0, 0.0, 0
0, 0, 0.1, 0, 0, 0, 0, -1.0, 0.0, 0
0, 0, 0.05, 0, 0, 0, 0, -0.14199999999999996, -0.4588, 0
0, 0, 0.038461538461538464, 0, 0, 0, 0, -0.694, 0.2023, 0
0, 0, 0.02564102564102564, 1, 0, 0, 0, -0.522, -0.296, 0
0, 0, 0.021739130434782608, 0, 0, 0, 0, -1.0, 0.0, 0
0, 0, 0.024390243902439025, 0, 0, 0, 0, -1.0, 0.0, 0
0, 0, 0.022727272727272728, 0, 0, 0, 0, -0.266, 0.4404, 0
0, 0, 0.030303030303030304, 0, 0, 0, 0, -1.0, 0.0, 0
0, 0, 0.05263157894736842, 0, 0, 0, 0, -1.0, 0.0, 0
0, 0, 0.012658227848101266, 0, 0, 0, 0, -0.73, 0.3612, 0
0, 0, 0.013513513513513514, 1, 0, 0, 0, -1.0, 0.0, 0
0, 0, 0.02702702702702703, 0, 0, 1, 0, -0.44799999999999995, 0.2732, 0
0, 0, 0.015625, 0, 0, 0, 0, -1.0, 0.0, 0
0, 0, 0.041666666666666664, 0, 0, 0, 0, -1.0, 0.0, 0
0, 0, 0.047619047619047616, 0, 0, 1, 0, -1.0, 0.0, 0
0, 0, 0.02631578947368421, 0, 0, 0, 0, -0.39199999999999996, -0.5423, 0
0, 0, 0.02127659574468085, 0, 0, 0, 0, -0.184, 0.7351, 0
0, 0, 0.017857142857142856, 1, 0, 0, 0, -0.554, 0.3182, 0
0, 0, 0.013888888888888888, 0, 0, 0, 0, -0.752, -0.34, 0
0, 0, 0.02, 1, 0, 0, 0, -0.5840000000000001, -0.2732, 0
0, 0, 0.02564102564102564, 0, 0, 0, 0, -0.46399999999999997, -0.296, 0
0, 0, 0.018867924528301886, 0, 0, 1, 0, -0.6519999999999999, -0.2263, 0
0, 0, 0.03125, 0, 1, 0, 0, -0.352, 0.2942, 0
0, 0, 0.027777777777777776, 0, 0, 0, 0, 0.29600000000000004, 0.8481, 0
0, 0, 0.034482758620689655, 0, 0, 0, 0, -0.37799999999999995, 0.3089, 0
0, 0, 0.034482758620689655, 0, 0, 1, 0, -1.0, 0.0, 0
0, 0, 0.043478260869565216, 0, 0, 1, 0, -1.0, 0.0, 0
0, 0, 0.009615384615384616, 0, 0, 0, 0, -0.776, -0.4404, 0
0, 0, 0.022222222222222223, 0, 0, 0, 0, -0.6100000000000001, -0.1779, 0
0, 0, 0.037037037037037035, 0, 0, 0, 0, -1.0, 0.0, 0
0, 0, 0.0967741935483871, 0, 0, 1, 0, -0.15399999999999997, 0.4466, 0
0, 0, 0.02857142857142857, 0, 0, 0, 0, -0.444, -0.0516, 0
0, 0, 0.029411764705882353, 0, 0, 0, 0, -1.0, 0.0, 0
0, 0, 0.041666666666666664, 0, 1, 0, 0, -1.0, 0.0, 0
0, 0, 0.043478260869565216, 0, 0, 0, 0, -0.066, 0.5423, 0
0, 0, 0.03333333333333333, 0, 0, 0, 0, -0.43999999999999995, -0.3252, 0
0, 0, 0.04054054054054054, 0, 1, 0, 0, -0.5700000000000001, 0.6588, 0
0, 0, 0.021739130434782608, 1, 0, 0, 0, -0.29800000000000004, 0.501, 0
0, 0, 0.018867924528301886, 1, 0, 0, 0, -0.334, -0.4588, 0
0, 0, 0.02127659574468085, 0, 0, 1, 0, -0.39999999999999997, -0.4588, 0
0, 0, 0.01818181818181818, 0, 0, 0, 0, -0.5720000000000001, 0.4588, 0
0, 0, 0.02040816326530612, 0, 0, 0, 0, -1.0, 0.0, 0
0, 0, 0.16, 0, 0, 0, 0, -1.0, 0.0, 0
0, 0, 0.014705882352941176, 1, 0, 0, 0, -0.482, 0.5423, 0
0, 0, 0.043478260869565216, 0, 0, 0, 0, -1.0, 0.0, 0
0, 0, 0.02857142857142857, 1, 0, 0, 0, -1.0, 0.0, 0
0, 0, 0.02702702702702703, 0, 0, 0, 0, -1.0, 0.0, 0
0, 0, 0.018867924528301886, 0, 0, 0, 0, -0.6799999999999999, -0.0857, 0
0, 0, 0.045454545454545456, 0, 0, 0, 0, -1.0, 0.0, 0
0, 0, 0.0196078431372549, 1, 0, 0, 0, -1.0, 0.0, 0
0, 0, 0.021739130434782608, 1, 0, 0, 0, -0.36400000000000005, 0.4215, 0
0, 0, 0.08823529411764706, 0, 0, 0, 0, -1.0, 0.0, 0
0, 0, 0.016666666666666666, 1, 0, 1, 0, -1.0, 0.0, 0
0, 0, 0.02702702702702703, 0, 0, 0, 0, -1.0, 0.0, 0
0, 0, 0.02564102564102564, 0, 0, 0, 0, 0.04800000000000004, -0.5267, 0
0, 0, 0.03125, 1, 0, 0, 0, -1.0, 0.0, 0
0, 0, 0.06451612903225806, 0, 0, 0, 0, -1.0, 0.0, 0
0, 0, 0.015384615384615385, 1, 0, 0, 0, -0.5, 0.4588, 0
0, 0, 0.025, 0, 0, 0, 0, -1.0, 0.0, 0
0, 0, 0.018518518518518517, 0, 1, 0, 0, -0.492, 0.528, 0
0, 0, 0.022222222222222223, 0, 3, 0, 2, 0.09800000000000003, 0.7249, 0
0, 0, 0.018518518518518517, 0, 0, 0, 0, -0.734, 0.0572, 0
0, 0, 0.022727272727272728, 0, 0, 0, 0, -0.5, 0.4588, 0
0, 0, 0.02564102564102564, 0, 0, 1, 0, -1.0, 0.0, 0
0, 0, 0.034482758620689655, 0, 0, 0, 0, -1.0, 0.0, 0
0, 0, 0.03125, 0, 0, 0, 0, -1.0, 0.0, 0
0, 1, 0.017543859649122806, 0, 0, 1, 0, -0.51, -0.5994, 0
0, 0, 0.047619047619047616, 0, 0, 0, 0, -0.15399999999999997, -0.296, 0
0, 0, 0.041666666666666664, 0, 0, 0, 0, -1.0, 0.0, 0
0, 0, 0.03125, 0, 0, 0, 0, -1.0, 0.0, 0
0, 0, 0.029411764705882353, 1, 0, 0, 0, -1.0, 0.0, 0
0, 0, 0.03225806451612903, 0, 0, 0, 0, -1.0, 0.0, 0
0, 0, 0.03571428571428571, 0, 0, 0, 0, -1.0, 0.0, 0
0, 0, 0.029411764705882353, 0, 0, 0, 0, -1.0, 0.0, 0
0, 0, 0.037037037037037035, 0, 0, 0, 0, -0.176, 0.2732, 0
0, 0, 0.017857142857142856, 1, 0, 0, 0, -0.6399999999999999, 0.296, 0
0, 0, 0.1111111111111111, 0, 0, 0, 0, -1.0, 0.0, 0
0, 0, 0.02857142857142857, 0, 0, 1, 0, -1.0, 0.0, 0
0, 0, 0.047619047619047616, 1, 0, 0, 0, -1.0, 0.0, 0
0, 0, 0.047619047619047616, 0, 0, 0, 0, -1.0, 0.0, 0
0, 0, 0.03571428571428571, 1, 0, 0, 0, -1.0, 0.0, 0
0, 0, 0.07142857142857142, 0, 0, 0, 0, -1.0, 0.0, 0
0, 0, 0.047619047619047616, 0, 0, 0, 0, -1.0, 0.0, 0
0, 0, 0.14285714285714285, 0, 0, 0, 0, -1.0, 0.0, 0
0, 0, 0.125, 0, 0, 0, 0, -1.0, 0.0, 0
0, 0, 0.02631578947368421, 0, 0, 0, 0, -1.0, 0.0, 0
0, 0, 0.14285714285714285, 0, 0, 0, 0, -1.0, 0.0, 0
0, 0, 0.046511627906976744, 0, 0, 0, 0, -0.334, 0.3597, 0
0, 0, 0.011904761904761904, 0, 0, 0, 0, -0.688, 0.34, 0
0, 0, 0.1111111111111111, 0, 0, 0, 0, 0.016000000000000014, -0.4767, 0
0, 0, 0.03125, 0, 0, 0, 0, 0.12200000000000005, 0.7506, 0
0, 0, 0.025, 1, 0, 1, 0, -1.0, 0.0, 0
0, 0, 0.029411764705882353, 0, 0, 0, 0, -0.29000000000000004, -0.296, 0
0, 0, 0.034482758620689655, 0, 0, 0, 0, -1.0, 0.0, 0
0, 0, 0.044444444444444446, 0, 0, 1, 0, -1.0, 0.0, 0
0, 0, 0.023809523809523808, 1, 0, 1, 0, -0.40700000000000003, -0.2732, 0
0, 0, 0.043478260869565216, 0, 0, 0, 0, -1.0, 0.0, 0
0, 0, 0.03787878787878788, 1, 0, 0, 0, -0.834, 0.2023, 0
0, 0, 0.043478260869565216, 0, 0, 0, 0, -1.0, 0.0, 0
0, 0, 0.125, 0, 0, 0, 0, -1.0, 0.0, 0
0, 0, 0.0625, 0, 0, 0, 0, -0.01200000000000001, -0.4466, 0
0, 0, 0.05555555555555555, 0, 0, 0, 0, -1.0, 0.0, 0
0, 0, 0.06666666666666667, 0, 0, 1, 0, -1.0, 0.0, 0
0, 0, 0.043478260869565216, 0, 0, 0, 0, -1.0, 0.0, 0
0, 0, 0.13333333333333333, 0, 0, 0, 0, -1.0, 0.0, 0
0, 0, 0.05555555555555555, 0, 0, 0, 0, -1.0, 0.0, 0
0, 0, 0.05, 0, 0, 0, 0, -1.0, 0.0, 0
0, 1, 0.05263157894736842, 0, 0, 1, 0, -1.0, 0.0, 0
0, 0, 0.05263157894736842, 0, 0, 0, 0, -1.0, 0.0, 0
0, 0, 0.0196078431372549, 0, 0, 0, 0, -0.5940000000000001, 0.4215, 0
0, 0, 0.13333333333333333, 0, 0, 0, 0, 0.18999999999999995, 0.4466, 0
0, 0, 0.029411764705882353, 0, 0, 0, 0, -1.0, 0.0, 0
0, 0, 0.041666666666666664, 0, 0, 0, 0, -1.0, 0.0, 0
0, 0, 0.021739130434782608, 0, 0, 0, 0, -1.0, 0.0, 0
0, 0, 0.043478260869565216, 0, 0, 0, 0, -1.0, 0.0, 0
0, 0, 0.05, 0, 0, 4, 3, -1.0, 0.0, 0
0, 0, 0.04, 0, 0, 0, 0, -1.0, 0.0, 0
0, 0, 0.03669724770642202, 0, 0, 0, 0, -0.426, 0.6858, 0
0, 0, 0.034482758620689655, 0, 0, 0, 0, -0.428, -0.1531, 0
0, 0, 0.022222222222222223, 0, 0, 0, 0, -1.0, 0.0, 0
0, 0, 0.021739130434782608, 0, 0, 1, 0, 0.03200000000000003, 0.7506, 0
0, 0, 0.0024875621890547263, 1, 0, 0, 0, -0.71, 0.1901, 0
0, 0, 0.017857142857142856, 1, 0, 0, 0, -0.6419999999999999, 0.34, 0
0, 0, 0.030303030303030304, 0, 0, 0, 0, -1.0, 0.0, 0
0, 0, 0.02127659574468085, 0, 0, 0, 0, -1.0, 0.0, 0
0, 0, 0.01098901098901099, 1, 0, 0, 0, -0.6240000000000001, 0.4588, 0
0, 0, 0.05, 0, 0, 0, 0, -1.0, 0.0, 0
0, 0, 0.05, 0, 0, 0, 0, -1.0, 0.0, 0
0, 0, 0.04, 0, 0, 0, 0, -1.0, 0.0, 0
0, 0, 0.023809523809523808, 0, 0, 0, 0, -0.482, 0.2732, 0
0, 0, 0.16666666666666666, 0, 0, 0, 0, -0.16799999999999998, -0.2808, 0
0, 0, 0.09523809523809523, 0, 0, 0, 0, -1.0, 0.0, 0
0, 0, 0.1, 0, 0, 0, 0, -1.0, 0.0, 0
0, 0, 0.14285714285714285, 0, 0, 0, 0, -1.0, 0.0, 0
0, 0, 0.09090909090909091, 0, 0, 0, 0, -1.0, 0.0, 0
0, 0, 0.16129032258064516, 0, 0, 0, 0, -1.0, 0.0, 0
0, 0, 0.037037037037037035, 0, 0, 0, 0, -0.176, -0.5423, 0
0, 0, 0.034482758620689655, 0, 0, 0, 0, -1.0, 0.0, 0
0, 0, 0.02564102564102564, 0, 0, 0, 0, -0.72, 0.0772, 0
0, 0, 0.018867924528301886, 0, 0, 0, 0, -0.31, 0.128, 0
0, 0, 0.12, 0, 0, 0, 0, -1.0, 0.0, 0
0, 0, 0.10526315789473684, 0, 0, 0, 0, -1.0, 0.0, 0
0, 0, 0.041666666666666664, 0, 0, 0, 0, -1.0, 0.0, 0
0, 0, 0.1111111111111111, 0, 0, 0, 0, -1.0, 0.0, 0
0, 0, 0.18181818181818182, 0, 0, 0, 0, -1.0, 0.0, 0
0, 0, 0.13636363636363635, 0, 0, 0, 0, -1.0, 0.0, 0
0, 0, 0.11764705882352941, 0, 0, 0, 0, -1.0, 0.0, 0
0, 0, 0.08695652173913043, 0, 0, 0, 0, -1.0, 0.0, 0
0, 0, 0.06451612903225806, 0, 0, 0, 0, -1.0, 0.0, 0
0, 0, 0.029411764705882353, 0, 0, 0, 0, -1.0, 0.0, 0
0, 0, 0.047619047619047616, 0, 0, 0, 0, -1.0, 0.0, 0
0, 0, 0.03571428571428571, 0, 0, 0, 0, -1.0, 0.0, 0
0, 0, 0.02857142857142857, 0, 0, 0, 0, -1.0, 0.0, 0
0, 0, 0.029411764705882353, 0, 0, 1, 0, -1.0, 0.0, 0
0, 0, 0.047619047619047616, 0, 0, 0, 0, -1.0, 0.0, 0
0, 0, 0.06666666666666667, 0, 0, 0, 0, -1.0, 0.0, 0
0, 0, 0.03571428571428571, 1, 0, 1, 0, -0.49, 0.34, 0
0, 0, 0.12, 0, 0, 0, 0, -0.02200000000000002, -0.5904, 0
0, 0, 0.045454545454545456, 0, 0, 0, 0, -0.39599999999999996, 0.0772, 0
0, 0, 0.15, 0, 0, 0, 0, -1.0, 0.0, 0
0, 0, 0.09090909090909091, 0, 0, 0, 0, -1.0, 0.0, 0
0, 0, 0.0625, 0, 0, 0, 0, 0.318, -0.7003, 0
0, 0, 0.08, 0, 0, 0, 0, -1.0, 0.0, 0
0, 0, 0.041666666666666664, 0, 0, 0, 0, 0.016000000000000014, -0.4767, 0
0, 0, 0.17647058823529413, 0, 0, 0, 0, 0.236, 0.4995, 0
0, 0, 0.05555555555555555, 0, 0, 0, 0, -1.0, 0.0, 0
0, 0, 0.030303030303030304, 0, 0, 0, 0, -1.0, 0.0, 0
0, 0, 0.014492753623188406, 0, 0, 1, 0, -0.6280000000000001, -0.2263, 0
0, 0, 0.030303030303030304, 1, 0, 0, 0, -1.0, 0.0, 0
0, 0, 0.05555555555555555, 0, 0, 0, 0, 0.14799999999999996, 0.4019, 0
0, 0, 0.043478260869565216, 0, 0, 0, 0, -1.0, 0.0, 0
0, 0, 0.05555555555555555, 0, 0, 0, 0, 0.0, 0.4588, 0
0, 0, 0.045454545454545456, 0, 0, 0, 0, -0.11200000000000004, -0.34, 0
0, 0, 0.02857142857142857, 0, 0, 0, 0, -1.0, 0.0, 0
0, 0, 0.02, 1, 0, 0, 0, -1.0, 0.0, 0
0, 0, 0.027777777777777776, 0, 0, 0, 0, -1.0, 0.0, 0
0, 0, 0.044444444444444446, 0, 0, 0, 0, -0.334, -0.4588, 0
0, 0, 0.02702702702702703, 0, 0, 0, 0, -0.12000000000000005, -0.6705, 0
0, 0, 0.03571428571428571, 0, 0, 0, 0, -1.0, 0.0, 0
0, 0, 0.03571428571428571, 0, 0, 0, 0, -0.052000000000000046, 0.4019, 0
0, 0, 0.13333333333333333, 0, 0, 0, 0, 0.30200000000000005, -0.5766, 0
0, 0, 0.10526315789473684, 0, 0, 0, 0, -1.0, 0.0, 0
0, 0, 0.030303030303030304, 0, 0, 0, 0, -1.0, 0.0, 0
0, 0, 0.058823529411764705, 0, 0, 0, 0, 0.11200000000000004, -0.3612, 0
0, 0, 0.013157894736842105, 0, 0, 0, 0, -0.34400000000000003, 0.7783, 0
0, 0, 0.09090909090909091, 0, 0, 0, 0, -1.0, 0.0, 0
0, 0, 0.041666666666666664, 0, 0, 0, 0, 0.22999999999999998, -0.5859, 0
0, 0, 0.037037037037037035, 0, 0, 0, 0, -1.0, 0.0, 0
0, 0, 0.02127659574468085, 0, 0, 0, 0, -0.428, 0.4215, 0
0, 0, 0.017241379310344827, 0, 0, 0, 0, -0.5900000000000001, 0.2023, 0
0, 0, 0.02040816326530612, 0, 0, 0, 0, -1.0, 0.0, 0
0, 0, 0.015384615384615385, 0, 0, 1, 0, -0.644, -0.2617, 0
0, 0, 0.02857142857142857, 0, 0, 0, 0, -1.0, 0.0, 0
0, 0, 0.043478260869565216, 0, 0, 0, 0, -1.0, 0.0, 0
0, 0, 0.05, 0, 0, 0, 0, -1.0, 0.0, 0
0, 0, 0.05555555555555555, 0, 0, 0, 0, -1.0, 0.0, 0
0, 0, 0.03225806451612903, 0, 0, 0, 0, -0.408, -0.2732, 0
0, 0, 0.024390243902439025, 0, 0, 0, 0, -0.488, -0.4767, 0
0, 0, 0.04, 0, 0, 0, 0, -1.0, 0.0, 0
0, 0, 0.058823529411764705, 0, 0, 0, 0, 0.14799999999999996, 0.4019, 0
0, 0, 0.021739130434782608, 0, 0, 0, 0, -0.552, -0.3213, 0
0, 0, 0.0196078431372549, 0, 0, 0, 0, -0.6080000000000001, 0.296, 0
0, 0, 0.06896551724137931, 0, 0, 0, 0, -0.334, 0.3612, 0
0, 0, 0.023255813953488372, 0, 0, 0, 0, -0.426, 0.4019, 0
0, 0, 0.047619047619047616, 0, 0, 0, 0, -1.0, 0.0, 0
0, 0, 0.007518796992481203, 1, 3, 0, 0, -0.186, 0.8928, 0
0, 0, 0.2222222222222222, 0, 0, 0, 0, -1.0, 0.0, 0
0, 0, 0.047619047619047616, 0, 0, 0, 0, -1.0, 0.0, 0
0, 0, 0.11764705882352941, 0, 0, 0, 0, -1.0, 0.0, 0
0, 0, 0.02564102564102564, 0, 0, 0, 0, -1.0, 0.0, 0
0, 0, 0.034482758620689655, 0, 0, 0, 0, -1.0, 0.0, 0
0, 0, 0.015151515151515152, 0, 0, 0, 0, -1.0, 0.0, 0
0, 0, 0.05263157894736842, 0, 0, 0, 0, -1.0, 0.0, 0
0, 0, 0.018518518518518517, 0, 0, 0, 0, -0.316, 0.3804, 0
0, 0, 0.023809523809523808, 0, 0, 0, 0, -1.0, 0.0, 0
0, 0, 0.01694915254237288, 1, 0, 0, 0, -0.708, 0.7184, 0
0, 0, 0.011494252873563218, 0, 2, 0, 0, -0.07400000000000001, 0.9018, 0
0, 0, 0.014705882352941176, 0, 0, 0, 0, -0.794, -0.128, 0
0, 0, 0.05263157894736842, 0, 0, 0, 0, -1.0, 0.0, 0
0, 0, 0.09523809523809523, 0, 0, 0, 0, -0.14199999999999996, 0.4588, 0
0, 0, 0.1, 0, 0, 0, 0, -1.0, 0.0, 0
0, 0, 0.05, 0, 0, 0, 0, -1.0, 0.0, 0
0, 0, 0.08333333333333333, 0, 0, 0, 0, -0.14199999999999996, 0.4588, 0
0, 0, 0.02040816326530612, 0, 0, 2, 1, -1.0, 0.0, 0
0, 0, 0.024390243902439025, 0, 0, 0, 0, -0.29100000000000004, -0.4215, 0
0, 0, 0.014285714285714285, 0, 0, 0, 0, -0.31000000000000005, 0.7003, 0
0, 0, 0.05, 0, 0, 0, 0, -1.0, 0.0, 0
0, 0, 0.04, 0, 0, 0, 0, -1.0, 0.0, 0
0, 0, 0.03571428571428571, 0, 0, 0, 0, -1.0, 0.0, 0
0, 0, 0.04, 0, 0, 0, 0, -1.0, 0.0, 0
0, 0, 0.04, 0, 1, 0, 0, -1.0, 0.0, 0
0, 0, 0.11764705882352941, 0, 0, 0, 0, -1.0, 0.0, 0
0, 0, 0.041666666666666664, 0, 0, 0, 0, -1.0, 0.0, 0
0, 0, 0.043478260869565216, 0, 0, 0, 0, 0.19999999999999996, 0.4588, 0
0, 0, 0.0625, 0, 0, 0, 0, 0.322, 0.5994, 0
0, 0, 0.03333333333333333, 0, 0, 0, 0, -0.08600000000000002, 0.6369, 0
0, 0, 0.041666666666666664, 0, 0, 0, 0, -1.0, 0.0, 0
0, 0, 0.05263157894736842, 0, 0, 1, 0, -1.0, 0.0, 0
0, 0, 0.0392156862745098, 0, 0, 1, 0, -1.0, 0.0, 0
0, 0, 0.030303030303030304, 0, 0, 1, 0, -1.0, 0.0, 0
0, 0, 0.021739130434782608, 0, 0, 0, 0, -0.474, 0.3612, 0
0, 0, 0.07692307692307693, 0, 0, 0, 0, -1.0, 0.0, 0
0, 0, 0.02054794520547945, 2, 0, 2, 0, -0.706, 0.6322, 0
0, 0, 0.017543859649122806, 0, 0, 0, 0, -1.0, 0.0, 0
0, 0, 0.20833333333333334, 0, 0, 0, 0, -1.0, 0.0, 0
0, 0, 0.0625, 0, 0, 0, 0, -1.0, 0.0, 0
0, 0, 0.08333333333333333, 0, 0, 0, 0, -1.0, 0.0, 0
0, 0, 0.037037037037037035, 0, 0, 1, 0, -1.0, 0.0, 0
0, 0, 0.13333333333333333, 0, 0, 0, 0, -1.0, 0.0, 0
0, 0, 0.014492753623188406, 0, 0, 1, 0, -0.734, -0.2732, 0
0, 0, 0.09523809523809523, 0, 0, 0, 0, -1.0, 0.0, 0
0, 0, 0.0967741935483871, 0, 0, 1, 0, 0.21399999999999997, -0.6841, 0
0, 0, 0.043478260869565216, 0, 0, 0, 0, -1.0, 0.0, 0
0, 0, 0.034482758620689655, 0, 0, 0, 0, -0.6319999999999999, -0.3071, 0
0, 0, 0.037037037037037035, 0, 0, 0, 0, -0.51, 0.0772, 0
0, 0, 0.02702702702702703, 0, 0, 0, 0, -0.08600000000000002, -0.296, 0
0, 0, 0.02702702702702703, 0, 3, 3, 5, -1.0, 0.0, 0
0, 0, 0.02702702702702703, 0, 0, 0, 0, -0.5680000000000001, -0.296, 0
0, 0, 0.05714285714285714, 0, 0, 0, 0, -1.0, 0.0, 0
0, 0, 0.02702702702702703, 0, 0, 0, 0, -1.0, 0.0, 0
0, 0, 0.03225806451612903, 0, 0, 0, 0, -0.34800000000000003, 0.4404, 0
0, 0, 0.013888888888888888, 1, 0, 0, 0, -0.5940000000000001, 0.4215, 0
0, 0, 0.08695652173913043, 0, 0, 0, 0, -1.0, 0.0, 0
0, 0, 0.04, 0, 0, 0, 0, 0.04800000000000004, 0.296, 0
0, 0, 0.011904761904761904, 1, 0, 0, 0, -0.6799999999999999, 0.3947, 0
0, 0, 0.03225806451612903, 0, 0, 0, 0, -1.0, 0.0, 0
0, 0, 0.09090909090909091, 0, 0, 0, 0, 0.37799999999999995, -0.6633, 0
0, 0, 0.027777777777777776, 0, 0, 0, 0, -1.0, 0.0, 0
0, 0, 0.05405405405405406, 0, 0, 0, 0, -0.258, 0.5473, 0
0, 0, 0.016129032258064516, 0, 0, 0, 0, -0.35000000000000003, -0.6486, 0
0, 0, 0.017543859649122806, 0, 0, 0, 0, -0.11800000000000005, -0.743, 0
0, 0, 0.030303030303030304, 0, 0, 0, 0, -1.0, 0.0, 0
0, 0, 0.022727272727272728, 0, 0, 0, 0, -0.506, 0.3182, 0
0, 0, 0.014705882352941176, 0, 0, 0, 0, -0.24000000000000002, -0.4599, 0
0, 0, 0.1388888888888889, 0, 0, 0, 0, -1.0, 0.0, 1
0, 0, 0.1388888888888889, 0, 0, 0, 0, -1.0, 0.0, 1
0, 0, 0.06896551724137931, 0, 0, 0, 0, -0.28200000000000003, 0.4215, 1
0, 0, 0.14814814814814814, 0, 0, 0, 0, -1.0, 0.0, 1
0, 0, 0.0425531914893617, 1, 0, 0, 0, -0.34800000000000003, 0.4404, 1
0, 0, 0.037037037037037035, 0, 0, 0, 0, -1.0, 0.0, 1
0, 0, 0.014705882352941176, 0, 0, 0, 0, -0.422, -0.5423, 1
0, 0, 0.020833333333333332, 1, 0, 0, 0, -0.428, 0.34, 1
0, 0, 0.018867924528301886, 1, 0, 0, 0, -0.534, -0.25, 1
0, 0, 0.011363636363636364, 0, 0, 1, 0, -0.5960000000000001, -0.5849, 1
0, 0, 0.020833333333333332, 0, 0, 0, 0, -0.428, 0.4939, 1
0, 0, 0.014925373134328358, 1, 0, 0, 0, -0.74, -0.2023, 1
0, 0, 0.03571428571428571, 0, 0, 0, 0, -0.37999999999999995, -0.5574, 1
0, 0, 0.13793103448275862, 0, 0, 0, 0, -1.0, 0.0, 1
0, 0, 0.020833333333333332, 0, 0, 0, 0, -1.0, 0.0, 1
0, 0, 0.17777777777777778, 0, 3, 0, 2, 0.05600000000000005, -0.8733, 1
0, 0, 0.06896551724137931, 0, 0, 0, 0, -0.07200000000000001, -0.3818, 1
0, 0, 0.01282051282051282, 0, 1, 0, 0, -1.0, 0.0, 1
0, 0, 0.023809523809523808, 0, 0, 1, 0, -1.0, 0.0, 1
0, 0, 0.07317073170731707, 0, 0, 0, 0, -1.0, 0.0, 1
0, 0, 0.02127659574468085, 0, 0, 0, 0, -1.0, 0.0, 1
0, 0, 0.12195121951219512, 0, 0, 0, 0, -1.0, 0.0, 1
0, 0, 0.03636363636363636, 0, 0, 1, 0, -1.0, 0.0, 1
0, 0, 0.022727272727272728, 0, 0, 0, 0, -0.10400000000000004, 0.7579, 1
0, 0, 0.08333333333333333, 0, 0, 0, 0, -1.0, 0.0, 1
0, 0, 0.018518518518518517, 1, 0, 0, 0, -0.5780000000000001, -0.3412, 1
0, 0, 0.023809523809523808, 0, 0, 1, 0, -0.30400000000000005, -0.4939, 1
0, 0, 0.029411764705882353, 0, 0, 1, 0, -1.0, 0.0, 1
0, 0, 0.03571428571428571, 0, 0, 0, 0, -1.0, 0.0, 1
0, 0, 0.0125, 1, 0, 0, 0, -0.41, 0.5574, 1
0, 0, 0.011627906976744186, 1, 0, 0, 0, -1.0, 0.0, 1
0, 0, 0.030303030303030304, 0, 0, 0, 0, 0.04800000000000004, 0.765, 1
0, 0, 0.016129032258064516, 0, 0, 0, 0, -0.268, 0.6369, 1
0, 0, 0.024390243902439025, 0, 0, 0, 0, -1.0, 0.0, 1
0, 0, 0.11538461538461539, 0, 0, 0, 0, -0.03400000000000003, -0.5766, 1
0, 0, 0.018518518518518517, 1, 0, 0, 0, -1.0, 0.0, 1
0, 0, 0.05405405405405406, 0, 0, 0, 0, -1.0, 0.0, 1
0, 0, 0.04, 0, 0, 0, 0, -1.0, 0.0, 1
0, 0, 0.05128205128205128, 0, 0, 2, 0, -0.508, 0.2406, 1
0, 0, 0.022222222222222223, 0, 0, 0, 0, -1.0, 0.0, 1
0, 0, 0.041666666666666664, 0, 0, 0, 0, -0.5, 0.4588, 1
0, 0, 0.027777777777777776, 0, 0, 0, 0, -0.25, 0.6369, 1
0, 0, 0.09210526315789473, 1, 1, 0, 0, -0.45399999999999996, -0.628, 1
0, 0, 0.022222222222222223, 0, 0, 0, 0, -1.0, 0.0, 1
0, 0, 0.03125, 0, 0, 0, 0, -1.0, 0.0, 1
0, 0, 0.024390243902439025, 0, 0, 0, 0, -0.428, 0.25, 1
0, 0, 0.034482758620689655, 0, 0, 0, 0, -1.0, 0.0, 1
0, 0, 0.016129032258064516, 0, 0, 0, 0, -0.45399999999999996, 0.4588, 1
0, 0, 0.058823529411764705, 0, 0, 1, 0, -1.0, 0.0, 1
0, 0, 0.15, 0, 0, 0, 0, -0.316, 0.5622, 1
0, 0, 0.029411764705882353, 0, 0, 0, 0, -0.29000000000000004, 0.5106, 1
0, 0, 0.017241379310344827, 0, 0, 0, 0, -1.0, 0.0, 1
0, 0, 0.02564102564102564, 0, 0, 0, 0, -1.0, 0.0, 1
0, 0, 0.03125, 0, 0, 0, 0, -1.0, 0.0, 1
0, 0, 0.03225806451612903, 0, 0, 0, 0, -0.29800000000000004, 0.4019, 1
0, 0, 0.02, 0, 1, 0, 0, -0.422, -0.4303, 1
0, 0, 0.038461538461538464, 0, 0, 0, 0, -1.0, 0.0, 1
0, 0, 0.015151515151515152, 1, 0, 0, 0, -1.0, 0.0, 1
0, 0, 0.011363636363636364, 1, 0, 1, 0, -1.0, 0.0, 1
0, 0, 0.01282051282051282, 1, 0, 0, 0, -0.6319999999999999, 0.4019, 1
0, 0, 0.012345679012345678, 0, 1, 0, 0, -0.696, -0.126, 1
0, 0, 0.02631578947368421, 0, 1, 0, 0, -0.7, 0.0982, 1
0, 0, 0.022727272727272728, 0, 0, 0, 0, -1.0, 0.0, 1
0, 0, 0.02040816326530612, 0, 0, 1, 0, -1.0, 0.0, 1
0, 0, 0.03125, 0, 0, 0, 0, -1.0, 0.0, 1
0, 0, 0.029411764705882353, 0, 0, 0, 0, -1.0, 0.0, 1
0, 0, 0.013513513513513514, 0, 0, 1, 0, -1.0, 0.0, 1
0, 0, 0.022727272727272728, 0, 0, 0, 0, -1.0, 0.0, 1
0, 0, 0.043478260869565216, 1, 2, 0, 0, -0.6669999999999999, -0.1722, 1
0, 0, 0.03278688524590164, 0, 0, 2, 0, -1.0, 0.0, 1
0, 0, 0.020833333333333332, 0, 0, 0, 0, -1.0, 0.0, 1
0, 0, 0.046875, 0, 0, 2, 0, -0.264, -0.6868, 1
0, 0, 0.01639344262295082, 0, 0, 1, 0, -0.526, -0.4215, 1
0, 0, 0.023255813953488372, 0, 0, 0, 0, -1.0, 0.0, 1
0, 0, 0.023255813953488372, 1, 0, 0, 0, -0.792, -0.1027, 1
0, 0, 0.022727272727272728, 1, 0, 0, 0, -1.0, 0.0, 1
0, 0, 0.022222222222222223, 0, 0, 1, 0, -0.38599999999999995, -0.4767, 1
0, 0, 0.023255813953488372, 0, 0, 0, 0, -1.0, 0.0, 1
0, 0, 0.012195121951219513, 1, 0, 0, 0, -0.6180000000000001, -0.3818, 1
0, 0, 0.01639344262295082, 1, 0, 0, 0, -0.6319999999999999, 0.2023, 1
0, 0, 0.03571428571428571, 0, 0, 1, 0, -1.0, 0.0, 1
0, 0, 0.03225806451612903, 0, 0, 0, 0, -1.0, 0.0, 1
0, 0, 0.015625, 0, 0, 1, 0, -0.688, -0.3412, 1
0, 0, 0.0196078431372549, 0, 0, 0, 0, -1.0, 0.0, 1
0, 0, 0.023809523809523808, 1, 0, 0, 0, -1.0, 0.0, 1
0, 0, 0.013888888888888888, 0, 0, 0, 0, -1.0, 0.0, 1
0, 0, 0.015625, 0, 0, 0, 0, -1.0, 0.0, 1
0, 0, 0.027777777777777776, 0, 0, 0, 0, -1.0, 0.0, 1
0, 0, 0.025, 0, 0, 0, 0, -1.0, 0.0, 1
0, 0, 0.06060606060606061, 0, 1, 1, 1, -1.0, 0.0, 1
0, 0, 0.010526315789473684, 0, 0, 0, 0, -1.0, 0.0, 1
0, 0, 0.02564102564102564, 0, 0, 0, 0, -0.47800000000000004, 0.1779, 1
0, 0, 0.10344827586206896, 0, 0, 1, 0, -0.09000000000000002, 0.516, 1
0, 0, 0.010309278350515464, 0, 0, 0, 0, -0.696, 0.3612, 1
0, 0, 0.02, 0, 0, 0, 0, -1.0, 0.0, 1
0, 0, 0.023529411764705882, 0, 0, 0, 0, -0.796, -0.1511, 1
0, 0, 0.02040816326530612, 0, 0, 0, 0, -0.45399999999999996, -0.3089, 1
0, 0, 0.03571428571428571, 0, 0, 1, 0, -1.0, 0.0, 1
0, 0, 0.017857142857142856, 0, 0, 0, 0, -0.45599999999999996, 0.5777, 1
0, 0, 0.0196078431372549, 0, 0, 0, 0, -0.44199999999999995, -0.4767, 1
0, 0, 0.022727272727272728, 0, 0, 0, 0, -1.0, 0.0, 1
0, 0, 0.09722222222222222, 1, 2, 0, 0, -1.0, 0.0, 1
0, 0, 0.0196078431372549, 0, 0, 0, 0, -0.26, -0.6908, 1
0, 0, 0.01282051282051282, 1, 0, 0, 0, -0.43799999999999994, -0.6908, 1
0, 0, 0.02564102564102564, 0, 0, 1, 0, -1.0, 0.0, 1
0, 0, 0.016666666666666666, 1, 0, 0, 0, -1.0, 0.0, 1
0, 0, 0.015384615384615385, 0, 0, 0, 0, -0.8400000000000001, -0.1027, 1
0, 0, 0.028985507246376812, 0, 0, 0, 0, -0.242, -0.6705, 1
0, 0, 0.014925373134328358, 0, 0, 0, 0, -0.6659999999999999, -0.296, 1
0, 0, 0.018518518518518517, 0, 0, 0, 0, -0.6000000000000001, 0.3612, 1
0, 0, 0.043478260869565216, 0, 0, 0, 0, -0.538, 0.4019, 1
0, 0, 0.02127659574468085, 0, 0, 1, 0, -1.0, 0.0, 1
0, 0, 0.020833333333333332, 0, 0, 1, 0, -1.0, 0.0, 1
0, 0, 0.010309278350515464, 1, 0, 0, 0, -0.752, -0.34, 1
0, 0, 0.03225806451612903, 0, 0, 0, 0, -1.0, 0.0, 1
0, 0, 0.017857142857142856, 0, 0, 1, 0, -1.0, 0.0, 1
0, 0, 0.01694915254237288, 1, 0, 0, 0, -1.0, 0.0, 1
0, 0, 0.0273972602739726, 0, 0, 1, 0, -0.5960000000000001, -0.4215, 1
0, 0, 0.011111111111111112, 0, 0, 0, 0, -0.6799999999999999, -0.2111, 1
0, 0, 0.017857142857142856, 0, 0, 0, 0, -0.5, 0.4588, 1
0, 0, 0.03076923076923077, 0, 0, 0, 0, -0.6100000000000001, 0.4404, 1
0, 0, 0.015873015873015872, 0, 0, 0, 0, -1.0, 0.0, 1
0, 0, 0.022222222222222223, 0, 0, 1, 0, -0.36099999999999993, -0.5574, 1
0, 0, 0.038461538461538464, 0, 0, 0, 0, -1.0, 0.0, 1
0, 0, 0.03225806451612903, 0, 0, 0, 0, -0.486, -0.5859, 1
0, 0, 0.02564102564102564, 0, 0, 1, 0, -1.0, 0.0, 1
0, 0, 0.0196078431372549, 0, 0, 0, 0, -1.0, 0.0, 1
0, 0, 0.023809523809523808, 0, 0, 0, 0, -1.0, 0.0, 1
0, 0, 0.015625, 0, 0, 0, 0, -1.0, 0.0, 1
0, 0, 0.0392156862745098, 0, 0, 0, 0, -0.476, -0.4939, 1
0, 0, 0.014925373134328358, 0, 0, 0, 0, -0.36600000000000005, 0.6258, 1
0, 0, 0.02127659574468085, 0, 0, 1, 0, -0.6439999999999999, 0.2382, 1
0, 0, 0.016666666666666666, 0, 0, 0, 0, -1.0, 0.0, 1
0, 0, 0.02564102564102564, 0, 0, 0, 0, -0.5700000000000001, 0.6249, 1
0, 0, 0.02564102564102564, 0, 0, 0, 0, -0.44399999999999995, 0.4019, 1
0, 0, 0.025, 1, 0, 0, 0, -0.12200000000000005, -0.6908, 1
0, 0, 0.025, 0, 0, 0, 0, -0.5, 0.1027, 1
0, 0, 0.02040816326530612, 0, 0, 0, 0, -0.35200000000000004, -0.5994, 1
0, 0, 0.015873015873015872, 0, 0, 0, 0, -1.0, 0.0, 1
0, 0, 0.037037037037037035, 0, 0, 0, 0, -1.0, 0.0, 1
0, 0, 0.02127659574468085, 0, 0, 0, 0, -1.0, 0.0, 1
0, 0, 0.011627906976744186, 0, 0, 1, 0, -0.6439999999999999, -0.5994, 1
0, 0, 0.015384615384615385, 0, 0, 0, 0, -0.24, 0.5994, 1
0, 0, 0.03333333333333333, 0, 0, 0, 0, -1.0, 0.0, 1
0, 0, 0.030303030303030304, 0, 0, 0, 0, -0.44999999999999996, -0.2263, 1
0, 0, 0.010869565217391304, 1, 0, 0, 0, -0.6659999999999999, 0.4215, 1
0, 0, 0.021739130434782608, 0, 0, 1, 0, -1.0, 0.0, 1
0, 0, 0.01098901098901099, 1, 0, 0, 0, -0.694, 0.4404, 1
0, 0, 0.025, 0, 0, 1, 0, -1.0, 0.0, 1
0, 0, 0.038461538461538464, 0, 0, 0, 0, -1.0, 0.0, 1
0, 0, 0.02127659574468085, 0, 0, 0, 0, -0.03200000000000003, 0.762, 1
0, 0, 0.010526315789473684, 1, 0, 0, 0, -0.40599999999999997, 0.6705, 1
0, 0, 0.0425531914893617, 0, 0, 0, 0, -0.46799999999999997, 0.4404, 1
0, 0, 0.03333333333333333, 0, 0, 0, 0, 0.29400000000000004, 0.6705, 1
0, 0, 0.023809523809523808, 0, 0, 0, 0, -1.0, 0.0, 1
0, 0, 0.016129032258064516, 0, 0, 0, 0, -0.748, -0.1513, 1
0, 0, 0.020833333333333332, 0, 0, 0, 0, -0.39199999999999996, 0.5413, 1
0, 0, 0.016129032258064516, 0, 0, 0, 0, -0.41100000000000003, 0.0516, 1
0, 0, 0.019230769230769232, 0, 0, 0, 0, -0.11200000000000004, 0.7506, 1
0, 0, 0.03125, 0, 0, 0, 0, 0.266, -0.7841, 1
0, 0, 0.022727272727272728, 0, 0, 0, 0, -1.0, 0.0, 1
0, 0, 0.038461538461538464, 0, 0, 0, 0, -0.37999999999999995, 0.2023, 1
0, 0, 0.037037037037037035, 0, 0, 0, 0, -1.0, 0.0, 1
0, 0, 0.02702702702702703, 0, 0, 0, 0, -1.0, 0.0, 1
0, 0, 0.037037037037037035, 0, 0, 0, 0, -1.0, 0.0, 1
0, 0, 0.02702702702702703, 0, 0, 0, 0, 0.02400000000000002, 0.6369, 1
0, 0, 0.01818181818181818, 0, 0, 0, 0, -0.43899999999999995, -0.4767, 1
0, 0, 0.022727272727272728, 0, 0, 1, 0, -0.45799999999999996, 0.3818, 1
0, 0, 0.023809523809523808, 0, 0, 0, 0, -1.0, 0.0, 1
0, 0, 0.022222222222222223, 0, 0, 0, 0, -1.0, 0.0, 1
0, 0, 0.03571428571428571, 0, 0, 0, 0, -0.35200000000000004, -0.34, 1
0, 0, 0.05263157894736842, 0, 0, 0, 0, -1.0, 0.0, 1
0, 0, 0.03333333333333333, 0, 0, 0, 0, -1.0, 0.0, 1
0, 0, 0.037037037037037035, 0, 0, 0, 0, -0.538, -0.0516, 1
0, 0, 0.020833333333333332, 0, 0, 1, 0, -0.6319999999999999, -0.2584, 1
0, 0, 0.018867924528301886, 0, 0, 0, 0, -1.0, 0.0, 1
0, 0, 0.028985507246376812, 0, 0, 0, 0, -1.0, 0.0, 1
0, 0, 0.015151515151515152, 1, 0, 0, 0, -0.08600000000000002, 0.8126, 1
0, 0, 0.02857142857142857, 1, 0, 0, 0, -0.6180000000000001, 0.3818, 1
0, 0, 0.01694915254237288, 0, 0, 0, 0, -1.0, 0.0, 1
0, 0, 0.046875, 1, 0, 0, 0, -0.6319999999999999, 0.4019, 1
0, 0, 0.029850746268656716, 0, 0, 1, 0, -0.6259999999999999, 0.3182, 1
0, 0, 0.029411764705882353, 0, 0, 0, 0, -1.0, 0.0, 1
0, 0, 0.029411764705882353, 0, 0, 0, 0, -0.18999999999999995, 0.5267, 1
0, 0, 0.023255813953488372, 0, 0, 0, 0, -0.71, -0.1779, 1
0, 0, 0.03773584905660377, 0, 0, 0, 0, -1.0, 0.0, 1
0, 0, 0.030303030303030304, 0, 0, 0, 0, -0.339, -0.5106, 1
0, 0, 0.022727272727272728, 0, 0, 0, 0, -0.5960000000000001, -0.2023, 1
0, 0, 0.020833333333333332, 0, 0, 0, 0, -0.756, 0.3612, 1
0, 0, 0.034482758620689655, 0, 0, 0, 0, -0.16199999999999998, -0.5574, 1
0, 0, 0.013157894736842105, 1, 0, 0, 0, -1.0, 0.0, 1
0, 0, 0.015151515151515152, 0, 0, 0, 0, -0.5950000000000001, 0.3869, 1
0, 0, 0.015873015873015872, 1, 0, 0, 0, -1.0, 0.0, 1
0, 0, 0.017241379310344827, 0, 0, 1, 0, -0.698, -0.1531, 1
0, 0, 0.023809523809523808, 1, 0, 0, 0, -0.16599999999999998, 0.822, 1
0, 0, 0.021739130434782608, 0, 0, 0, 0, -0.27, 0.5334, 1
0, 0, 0.015384615384615385, 0, 0, 0, 0, -0.6479999999999999, -0.3291, 1
0, 0, 0.025, 1, 0, 0, 0, -1.0, 0.0, 1
0, 0, 0.024390243902439025, 0, 0, 0, 0, -0.428, -0.4215, 1
0, 0, 0.05405405405405406, 0, 0, 0, 0, -1.0, 0.0, 1
0, 0, 0.044444444444444446, 0, 0, 0, 0, -0.30400000000000005, 0.4939, 1
0, 0, 0.02040816326530612, 0, 0, 1, 0, -1.0, 0.0, 1
0, 0, 0.03225806451612903, 0, 0, 0, 0, -1.0, 0.0, 1
0, 0, 0.021739130434782608, 1, 0, 0, 0, -0.20199999999999996, 0.6113, 1
0, 0, 0.012987012987012988, 0, 0, 0, 0, -1.0, 0.0, 1
0, 0, 0.02127659574468085, 0, 0, 1, 0, -1.0, 0.0, 1
0, 0, 0.011363636363636364, 1, 0, 0, 0, -0.44399999999999995, 0.6124, 1
0, 0, 0.045454545454545456, 0, 0, 0, 0, -0.5680000000000001, 0.2975, 1
0, 0, 0.1702127659574468, 0, 0, 0, 0, -0.48, -0.3612, 1
0, 0, 0.0136986301369863, 0, 0, 0, 0, -0.473, 0.3182, 1
0, 0, 0.020833333333333332, 0, 0, 0, 0, -0.404, 0.4019, 1
0, 0, 0.02, 0, 0, 0, 0, -1.0, 0.0, 1
0, 0, 0.017543859649122806, 0, 0, 1, 0, -1.0, 0.0, 1
0, 0, 0.014492753623188406, 0, 0, 0, 0, -0.6659999999999999, 0.3412, 1
0, 0, 0.016129032258064516, 0, 0, 0, 0, -0.692, 0.25, 1
0, 0, 0.011111111111111112, 0, 0, 1, 0, -0.6759999999999999, 0.4404, 1
0, 0, 0.017241379310344827, 0, 0, 0, 0, -1.0, 0.0, 1
0, 0, 0.05555555555555555, 0, 0, 1, 0, -0.44999999999999996, -0.2263, 1
0, 0, 0.016666666666666666, 0, 0, 0, 0, -1.0, 0.0, 1
0, 0, 0.015151515151515152, 0, 0, 1, 0, -1.0, 0.0, 1
0, 0, 0.04, 0, 0, 0, 0, -0.5, 0.7456, 1
0, 0, 0.01639344262295082, 1, 0, 1, 0, -1.0, 0.0, 1
0, 0, 0.021739130434782608, 1, 0, 1, 0, -0.744, 0.296, 1
0, 0, 0.022727272727272728, 0, 0, 0, 0, -0.5680000000000001, -0.296, 1
0, 0, 0.022727272727272728, 0, 0, 1, 0, -1.0, 0.0, 1
0, 0, 0.017241379310344827, 1, 0, 0, 0, -1.0, 0.0, 1
0, 0, 0.017857142857142856, 0, 0, 0, 0, -0.36000000000000004, -0.5719, 1
0, 0, 0.029411764705882353, 0, 0, 0, 0, -0.238, 0.5719, 1
0, 0, 0.018867924528301886, 0, 0, 1, 0, -1.0, 0.0, 1
0, 0, 0.015873015873015872, 0, 0, 0, 0, -0.5940000000000001, 0.4215, 1
0, 0, 0.030303030303030304, 0, 0, 0, 0, -1.0, 0.0, 1
0, 0, 0.015625, 0, 0, 0, 0, -0.5880000000000001, -0.3818, 1
0, 0, 0.0136986301369863, 0, 0, 0, 0, -0.35000000000000003, -0.6486, 1
0, 0, 0.015873015873015872, 0, 0, 0, 0, -0.6659999999999999, -0.296, 1
0, 0, 0.023809523809523808, 0, 0, 1, 0, -0.334, -0.5423, 1
0, 0, 0.019230769230769232, 0, 0, 0, 0, -1.0, 0.0, 1
0, 0, 0.022222222222222223, 0, 0, 0, 0, -0.6000000000000001, 0.3612, 1
0, 0, 0.014705882352941176, 0, 0, 0, 0, -1.0, 0.0, 1
0, 0, 0.03508771929824561, 0, 0, 0, 0, -0.478, 0.5574, 1
0, 0, 0.027777777777777776, 0, 0, 0, 0, -0.37999999999999995, -0.4019, 1
0, 0, 0.015384615384615385, 1, 0, 1, 0, -1.0, 0.0, 1
0, 0, 0.01694915254237288, 0, 0, 1, 0, -1.0, 0.0, 1
0, 0, 0.027777777777777776, 0, 0, 0, 0, -0.44500000000000006, -0.34, 1
0, 0, 0.022222222222222223, 0, 0, 0, 0, -1.0, 0.0, 1
0, 0, 0.03571428571428571, 0, 0, 0, 0, -0.176, 0.4215, 1
0, 0, 0.02702702702702703, 0, 0, 0, 0, -1.0, 0.0, 1
0, 0, 0.03508771929824561, 0, 0, 0, 0, -0.6539999999999999, 0.3182, 1
0, 0, 0.03333333333333333, 0, 0, 0, 0, -0.47, 0.2023, 1
0, 0, 0.01639344262295082, 0, 0, 0, 0, -0.562, -0.4215, 1
0, 0, 0.030303030303030304, 0, 0, 0, 0, -1.0, 0.0, 1
0, 0, 0.08333333333333333, 0, 0, 0, 0, -1.0, 0.0, 1
0, 0, 0.027777777777777776, 0, 0, 0, 0, -1.0, 0.0, 1
0, 0, 0.024390243902439025, 0, 0, 0, 0, -0.14199999999999996, -0.7184, 1
0, 0, 0.02564102564102564, 0, 0, 0, 0, -1.0, 0.0, 1
0, 0, 0.02702702702702703, 0, 0, 0, 0, -1.0, 0.0, 1
0, 0, 0.05128205128205128, 0, 0, 0, 0, -1.0, 0.0, 1
0, 0, 0.038461538461538464, 0, 0, 0, 0, -0.15999999999999998, 0.4404, 1
0, 0, 0.17647058823529413, 0, 0, 0, 0, 0.02200000000000002, 0.7404, 1
0, 0, 0.03125, 0, 0, 0, 0, 0.02400000000000002, 0.6369, 1
0, 0, 0.05405405405405406, 1, 0, 0, 0, -1.0, 0.0, 1
0, 0, 0.037037037037037035, 0, 0, 0, 0, -0.27, 0.3182, 1
0, 0, 0.03636363636363636, 1, 0, 1, 0, -1.0, 0.0, 1
0, 0, 0.06, 0, 0, 0, 0, -0.46799999999999997, 0.4404, 1
0, 0, 0.07407407407407407, 0, 0, 0, 0, -1.0, 0.0, 1
0, 0, 0.02702702702702703, 0, 0, 0, 0, -1.0, 0.0, 1
0, 0, 0.022727272727272728, 0, 0, 0, 0, -1.0, 0.0, 1
0, 0, 0.027777777777777776, 0, 0, 0, 0, -0.5740000000000001, 0.2263, 1
0, 0, 0.044444444444444446, 0, 0, 0, 0, -1.0, 0.0, 1
0, 0, 0.1, 0, 0, 0, 0, -1.0, 0.0, 1
0, 0, 0.043478260869565216, 0, 0, 0, 0, -0.13199999999999995, 0.3182, 1
0, 0, 0.034482758620689655, 0, 0, 0, 0, -1.0, 0.0, 1
0, 0, 0.023809523809523808, 0, 0, 0, 0, -0.467, 0.2263, 1
0, 0, 0.027777777777777776, 0, 0, 0, 0, -0.21399999999999997, 0.3804, 1
0, 0, 0.02040816326530612, 0, 0, 0, 0, -0.29000000000000004, 0.5106, 1
0, 0, 0.05555555555555555, 0, 0, 1, 0, -1.0, 0.0, 1
0, 0, 0.018518518518518517, 0, 0, 0, 0, -1.0, 0.0, 1
0, 0, 0.021739130434782608, 0, 0, 0, 0, -1.0, 0.0, 1
0, 0, 0.02631578947368421, 0, 0, 1, 0, -1.0, 0.0, 1
0, 0, 0.030303030303030304, 0, 0, 1, 0, -1.0, 0.0, 1
0, 0, 0.034482758620689655, 0, 0, 0, 0, -0.38799999999999996, -0.296, 1
0, 0, 0.020833333333333332, 0, 0, 0, 0, -1.0, 0.0, 1
0, 0, 0.0196078431372549, 0, 0, 0, 0, -0.786, 0.34, 1
0, 0, 0.02857142857142857, 0, 0, 0, 0, -1.0, 0.0, 1
0, 0, 0.016666666666666666, 0, 0, 0, 0, -0.408, 0.4939, 1
0, 0, 0.02, 0, 0, 0, 0, -0.29600000000000004, 0.5194, 1
0, 0, 0.02631578947368421, 0, 0, 0, 0, -1.0, 0.0, 1
0, 0, 0.022727272727272728, 1, 0, 0, 0, -1.0, 0.0, 1
0, 0, 0.018867924528301886, 0, 0, 0, 0, -1.0, 0.0, 1
0, 0, 0.018518518518518517, 1, 0, 0, 0, -1.0, 0.0, 1
0, 0, 0.018867924528301886, 1, 0, 0, 0, -0.43999999999999995, -0.5423, 1
0, 0, 0.014925373134328358, 0, 0, 0, 0, -0.538, 0.6369, 1
0, 0, 0.0136986301369863, 1, 0, 0, 0, -0.02400000000000002, 0.8591, 1
0, 0, 0.013333333333333334, 1, 0, 0, 0, -0.6060000000000001, -0.4019, 1
0, 0, 0.022222222222222223, 0, 0, 0, 0, -0.46399999999999997, -0.5106, 1
0, 0, 0.02857142857142857, 0, 0, 0, 0, -1.0, 0.0, 1
0, 0, 0.029411764705882353, 1, 0, 1, 0, -1.0, 0.0, 1
0, 0, 0.0125, 0, 0, 1, 0, -0.61, 0.2023, 1
0, 0, 0.03571428571428571, 1, 0, 0, 0, -0.29000000000000004, -0.296, 1
0, 0, 0.022727272727272728, 1, 0, 0, 0, -1.0, 0.0, 1
0, 0, 0.031914893617021274, 0, 0, 0, 0, -0.714, 0.3612, 1
0, 0, 0.018518518518518517, 0, 0, 0, 0, -0.528, -0.5267, 1
0, 0, 0.0136986301369863, 1, 0, 0, 0, -0.6819999999999999, -0.1779, 1
0, 0, 0.016666666666666666, 0, 0, 0, 0, -1.0, 0.0, 1
0, 0, 0.017857142857142856, 0, 0, 0, 0, -0.538, 0.2023, 1
0, 0, 0.031746031746031744, 0, 0, 0, 0, -1.0, 0.0, 1
0, 0, 0.015873015873015872, 1, 0, 0, 0, -1.0, 0.0, 1
0, 0, 0.024390243902439025, 0, 0, 0, 0, -0.40199999999999997, 0.3724, 1
0, 0, 0.020833333333333332, 1, 0, 0, 0, -0.46599999999999997, 0.3724, 1
0, 0, 0.024390243902439025, 0, 0, 0, 0, -0.412, 0.3612, 1
0, 0, 0.0078125, 1, 0, 0, 0, -0.8260000000000001, -0.3182, 1
0, 0, 0.015873015873015872, 0, 0, 0, 0, -1.0, 0.0, 1
0, 0, 0.017543859649122806, 1, 0, 0, 0, -0.5349999999999999, -0.1027, 1
0, 0, 0.013888888888888888, 0, 0, 1, 0, -1.0, 0.0, 1
0, 0, 0.02127659574468085, 0, 0, 1, 0, 0.02400000000000002, -0.743, 1
0, 0, 0.020833333333333332, 0, 0, 0, 0, -1.0, 0.0, 1
0, 0, 0.021739130434782608, 0, 0, 0, 0, -1.0, 0.0, 1
0, 0, 0.021739130434782608, 0, 0, 0, 0, -0.44199999999999995, -0.4767, 1
0, 0, 0.02631578947368421, 0, 0, 0, 0, -1.0, 0.0, 1
0, 0, 0.01639344262295082, 0, 0, 0, 0, -0.639, -0.1531, 1
0, 0, 0.01818181818181818, 0, 0, 1, 0, -1.0, 0.0, 1
0, 0, 0.02631578947368421, 1, 0, 0, 0, -1.0, 0.0, 1
0, 0, 0.05714285714285714, 0, 0, 0, 0, -1.0, 0.0, 1
0, 0, 0.008, 0, 0, 0, 0, -0.732, 0.4646, 1
0, 0, 0.06451612903225806, 0, 0, 0, 0, -1.0, 0.0, 1
0, 0, 0.017857142857142856, 0, 0, 0, 0, -0.5660000000000001, 0.3612, 1
0, 0, 0.011111111111111112, 0, 0, 0, 0, -0.508, 0.5994, 1
0, 0, 0.023809523809523808, 0, 0, 0, 0, -0.482, 0.4201, 1
0, 0, 0.021739130434782608, 0, 0, 0, 0, -0.04400000000000004, 0.6705, 1
0, 0, 0.009259259259259259, 0, 0, 0, 0, -0.601, -0.25, 1
0, 0, 0.0375, 0, 0, 0, 0, -0.54, -0.0039, 1
0, 0, 0.01818181818181818, 0, 0, 1, 0, -0.5680000000000001, 0.296, 1
0, 0, 0.02127659574468085, 0, 0, 0, 0, -0.5920000000000001, -0.3182, 1
0, 0, 0.016129032258064516, 0, 0, 0, 0, -1.0, 0.0, 1
0, 0, 0.020833333333333332, 0, 0, 0, 0, -1.0, 0.0, 1
0, 0, 0.03333333333333333, 0, 0, 0, 0, -1.0, 0.0, 1
0, 0, 0.024390243902439025, 0, 0, 0, 0, -0.476, -0.4939, 1
0, 0, 0.024390243902439025, 0, 0, 0, 0, -0.428, 0.4215, 1
0, 0, 0.01639344262295082, 0, 0, 0, 0, -1.0, 0.0, 1
0, 0, 0.029411764705882353, 0, 0, 0, 0, -1.0, 0.0, 1
0, 0, 0.022222222222222223, 0, 0, 0, 0, -1.0, 0.0, 1
0, 0, 0.03389830508474576, 0, 0, 0, 0, -0.19799999999999995, 0.7717, 1
0, 0, 0.0125, 1, 0, 0, 0, -0.73, 0.3612, 1
0, 0, 0.027777777777777776, 1, 0, 0, 0, -0.318, -0.4767, 1
0, 0, 0.05357142857142857, 1, 0, 0, 0, -1.0, 0.0, 1
0, 0, 0.04, 0, 0, 0, 0, -1.0, 0.0, 1
0, 0, 0.030303030303030304, 0, 0, 0, 0, -1.0, 0.0, 1
0, 0, 0.045454545454545456, 0, 1, 0, 0, -0.05400000000000005, 0.4003, 1
0, 0, 0.043478260869565216, 0, 0, 0, 0, -1.0, 0.0, 1
0, 0, 0.02631578947368421, 0, 0, 0, 0, -1.0, 0.0, 1
0, 0, 0.09090909090909091, 0, 0, 0, 0, -0.172, 0.5473, 1
0, 0, 0.03333333333333333, 0, 0, 0, 0, -1.0, 0.0, 1
0, 0, 0.05263157894736842, 0, 0, 0, 0, -1.0, 0.0, 1
0, 0, 0.03125, 0, 0, 0, 0, -1.0, 0.0, 1
0, 0, 0.03225806451612903, 0, 0, 0, 0, -0.35200000000000004, 0.34, 1
0, 0, 0.029411764705882353, 0, 1, 0, 0, -0.19599999999999995, 0.4003, 1
0, 0, 0.03225806451612903, 0, 1, 0, 0, -0.30000000000000004, 0.4003, 1
0, 0, 0.037037037037037035, 0, 1, 0, 0, -0.14399999999999996, 0.4574, 1
0, 0, 0.047619047619047616, 0, 0, 1, 0, -1.0, 0.0, 1
0, 0, 0.041666666666666664, 0, 0, 0, 0, -1.0, 0.0, 1
0, 0, 0.019230769230769232, 1, 0, 1, 0, -0.6519999999999999, 0.2263, 1
0, 0, 0.024390243902439025, 1, 0, 0, 0, -1.0, 0.0, 1
0, 0, 0.02040816326530612, 0, 0, 0, 0, -0.526, -0.4767, 1
0, 0, 0.02040816326530612, 0, 0, 0, 0, -1.0, 0.0, 1
0, 0, 0.02702702702702703, 0, 0, 0, 0, -1.0, 0.0, 1
0, 0, 0.08333333333333333, 0, 0, 0, 0, 0.006000000000000005, 0.4648, 1
0, 0, 0.05555555555555555, 0, 0, 0, 0, -0.13199999999999995, 0.3182, 1
0, 0, 0.03125, 0, 0, 0, 0, -0.262, -0.2023, 1
0, 0, 0.047619047619047616, 0, 0, 0, 0, -0.13199999999999995, 0.3182, 1
0, 0, 0.037037037037037035, 0, 0, 0, 0, 0.20999999999999996, 0.5574, 1
0, 0, 0.03571428571428571, 0, 0, 0, 0, -0.262, -0.2023, 1
0, 0, 0.08333333333333333, 0, 0, 0, 0, 0.006000000000000005, 0.4648, 1
0, 0, 0.13513513513513514, 0, 0, 0, 0, -0.348, -0.2263, 1
0, 0, 0.03225806451612903, 0, 0, 0, 0, -1.0, 0.0, 1
0, 0, 0.02702702702702703, 0, 0, 0, 0, -1.0, 0.0, 1
0, 0, 0.022727272727272728, 0, 0, 0, 0, -0.28, -0.5423, 1
0, 0, 0.023809523809523808, 0, 0, 0, 0, -0.18799999999999994, -0.6249, 1
0, 0, 0.025, 0, 0, 0, 0, -1.0, 0.0, 1
0, 0, 0.025, 0, 0, 4, 2, -0.19199999999999995, -0.6199, 1
0, 0, 0.027777777777777776, 0, 0, 0, 0, -1.0, 0.0, 1
0, 0, 0.023255813953488372, 0, 0, 0, 0, -1.0, 0.0, 1
0, 0, 0.022222222222222223, 0, 0, 1, 0, -0.6160000000000001, -0.1695, 1
0, 0, 0.041666666666666664, 0, 0, 0, 0, -1.0, 0.0, 1
0, 0, 0.037037037037037035, 0, 0, 0, 0, -1.0, 0.0, 1
0, 0, 0.038461538461538464, 0, 0, 0, 0, -0.262, -0.2023, 1
0, 0, 0.030303030303030304, 0, 0, 0, 0, -0.23399999999999999, -0.4767, 1
0, 0, 0.01694915254237288, 0, 0, 0, 0, -1.0, 0.0, 1
0, 0, 0.017543859649122806, 0, 0, 0, 0, -0.488, -0.4767, 1
0, 0, 0.043478260869565216, 0, 0, 0, 0, -1.0, 0.0, 1
0, 0, 0.03571428571428571, 0, 0, 0, 0, -1.0, 0.0, 1
0, 0, 0.025, 0, 0, 1, 0, -1.0, 0.0, 1
0, 0, 0.03225806451612903, 0, 0, 0, 0, -1.0, 0.0, 1
0, 0, 0.02702702702702703, 0, 0, 0, 0, 0.21999999999999997, -0.5719, 1
0, 0, 0.02857142857142857, 0, 0, 0, 0, 0.02400000000000002, 0.6435, 1
0, 0, 0.037037037037037035, 0, 0, 0, 0, -0.09600000000000003, -0.5106, 1
0, 0, 0.09375, 0, 0, 0, 0, -1.0, 0.0, 1
0, 0, 0.022727272727272728, 0, 0, 0, 0, -0.44199999999999995, -0.4767, 1
0, 0, 0.03333333333333333, 0, 0, 0, 0, -1.0, 0.0, 1
0, 0, 0.038461538461538464, 0, 0, 0, 0, -1.0, 0.0, 1
0, 0, 0.07142857142857142, 0, 0, 0, 0, -1.0, 0.0, 1
0, 0, 0.017543859649122806, 0, 0, 1, 0, -0.488, -0.4767, 1
0, 0, 0.025, 1, 0, 0, 0, -1.0, 0.0, 1
0, 0, 0.01818181818181818, 1, 0, 0, 0, -0.482, 0.4467, 1
0, 0, 0.018518518518518517, 0, 0, 0, 0, -0.575, -0.1531, 1
0, 0, 0.038461538461538464, 0, 0, 1, 0, -1.0, 0.0, 1
0, 0, 0.1276595744680851, 0, 0, 0, 0, 0.014000000000000012, -0.7324, 1
0, 0, 0.034482758620689655, 0, 0, 0, 0, -1.0, 0.0, 1
0, 0, 0.021739130434782608, 0, 0, 0, 0, -1.0, 0.0, 1
0, 0, 0.03571428571428571, 0, 0, 0, 0, -1.0, 0.0, 1
0, 0, 0.02702702702702703, 0, 0, 0, 0, -0.12200000000000005, -0.6908, 1
0, 0, 0.018867924528301886, 0, 0, 0, 0, -1.0, 0.0, 1
0, 0, 0.02040816326530612, 0, 0, 0, 0, -1.0, 0.0, 1
0, 0, 0.027777777777777776, 0, 0, 0, 0, -0.522, -0.296, 1
0, 0, 0.02702702702702703, 0, 0, 0, 0, -1.0, 0.0, 1
0, 0, 0.02631578947368421, 0, 0, 0, 0, -0.522, -0.296, 1
0, 0, 0.03333333333333333, 0, 0, 0, 0, -0.15999999999999998, 0.4404, 1
0, 0, 0.014492753623188406, 0, 0, 0, 0, -1.0, 0.0, 1
0, 0, 0.02112676056338028, 1, 0, 0, 0, -0.744, 0.5267, 1
0, 0, 0.02564102564102564, 0, 0, 1, 0, -0.318, -0.4767, 1
0, 0, 0.023255813953488372, 0, 0, 0, 0, -0.537, -0.2263, 1
0, 0, 0.037037037037037035, 0, 0, 0, 0, -1.0, 0.0, 1
0, 0, 0.021739130434782608, 1, 0, 0, 0, -1.0, 0.0, 1
0, 0, 0.01639344262295082, 0, 0, 0, 0, -0.6120000000000001, 0.34, 1
0, 0, 0.041666666666666664, 0, 1, 0, 0, -1.0, 0.0, 1
0, 0, 0.021739130434782608, 0, 0, 0, 0, -0.34800000000000003, 0.4404, 1
0, 0, 0.02702702702702703, 0, 0, 0, 0, -0.348, -0.1779, 1
0, 0, 0.023255813953488372, 0, 0, 1, 0, -1.0, 0.0, 1
0, 0, 0.08823529411764706, 0, 0, 0, 0, -0.066, 0.3885, 1
0, 0, 0.022727272727272728, 0, 0, 0, 0, -1.0, 0.0, 1
0, 0, 0.058823529411764705, 0, 0, 0, 0, -1.0, 0.0, 1
0, 0, 0.037037037037037035, 0, 0, 0, 0, -1.0, 0.0, 1
0, 0, 0.043478260869565216, 1, 0, 0, 0, 0.014000000000000012, -0.802, 1
0, 0, 0.01694915254237288, 1, 0, 0, 0, -0.336, -0.6096, 1
0, 0, 0.08, 0, 0, 0, 0, -1.0, 0.0, 1
0, 0, 0.030303030303030304, 0, 0, 0, 0, -0.28200000000000003, -0.4215, 1
0, 0, 0.038461538461538464, 0, 0, 0, 0, 0.03600000000000003, -0.6486, 1
0, 0, 0.03571428571428571, 0, 0, 0, 0, -1.0, 0.0, 1
0, 0, 0.058823529411764705, 0, 0, 0, 0, -1.0, 0.0, 1
0, 0, 0.08695652173913043, 0, 0, 0, 0, -1.0, 0.0, 1
0, 0, 0.030303030303030304, 0, 0, 0, 0, -1.0, 0.0, 1
0, 0, 0.030303030303030304, 0, 0, 0, 0, -0.538, 0.2023, 1
0, 0, 0.06451612903225806, 1, 0, 0, 0, -1.0, 0.0, 1
0, 0, 0.017241379310344827, 0, 0, 0, 0, -0.6659999999999999, 0.34, 1
0, 0, 0.010526315789473684, 0, 0, 0, 0, -1.0, 0.0, 1
0, 0, 0.02857142857142857, 1, 0, 0, 0, -1.0, 0.0, 1
0, 0, 0.03125, 0, 0, 0, 0, -1.0, 0.0, 1
0, 0, 0.02857142857142857, 0, 0, 0, 0, -0.22999999999999998, -0.3612, 1
0, 0, 0.038461538461538464, 0, 0, 0, 0, -0.13199999999999995, 0.3182, 1
0, 0, 0.013513513513513514, 0, 0, 0, 0, -0.734, -0.3182, 1
0, 0, 0.020833333333333332, 0, 0, 0, 0, -1.0, 0.0, 1
0, 0, 0.03333333333333333, 0, 0, 0, 0, -0.038000000000000034, 0.5719, 1
0, 0, 0.018518518518518517, 0, 0, 0, 0, -1.0, 0.0, 1
0, 0, 0.02702702702702703, 0, 0, 0, 0, -0.6220000000000001, -0.1027, 1
0, 0, 0.016666666666666666, 0, 0, 0, 0, -1.0, 0.0, 1
0, 0, 0.05, 0, 0, 0, 0, -0.15399999999999997, -0.296, 1
0, 0, 0.043478260869565216, 0, 0, 0, 0, -1.0, 0.0, 1
0, 0, 0.030303030303030304, 0, 0, 0, 0, -1.0, 0.0, 1
0, 0, 0.03125, 0, 0, 0, 0, -1.0, 0.0, 1
0, 0, 0.030303030303030304, 0, 0, 1, 0, -1.0, 0.0, 1
0, 0, 0.047619047619047616, 0, 0, 0, 0, -1.0, 0.0, 1
0, 0, 0.012048192771084338, 0, 0, 0, 0, -0.653, 0.1779, 1
0, 0, 0.034482758620689655, 0, 0, 0, 0, -0.052000000000000046, 0.4019, 1
0, 0, 0.05, 0, 0, 0, 0, -0.052000000000000046, 0.4019, 1
0, 0, 0.034482758620689655, 0, 0, 0, 0, 0.252, -0.7717, 1
0, 0, 0.022222222222222223, 0, 0, 0, 0, -0.34800000000000003, 0.4404, 1
0, 0, 0.02857142857142857, 0, 0, 0, 0, -1.0, 0.0, 1
0, 0, 0.030303030303030304, 0, 0, 0, 0, -1.0, 0.0, 1
0, 0, 0.038461538461538464, 0, 0, 0, 0, -0.176, 0.4215, 1
0, 0, 0.037037037037037035, 0, 0, 0, 0, 0.258, 0.7777, 1
0, 0, 0.030303030303030304, 0, 0, 0, 0, -1.0, 0.0, 1
0, 0, 0.02564102564102564, 0, 0, 0, 0, 0.01200000000000001, 0.6249, 1
0, 0, 0.0196078431372549, 1, 0, 0, 0, -0.524, 0.3612, 1
0, 0, 0.016666666666666666, 0, 0, 0, 0, -0.553, -0.3182, 1
0, 0, 0.013513513513513514, 1, 0, 0, 0, -1.0, 0.0, 1
0, 0, 0.023809523809523808, 0, 0, 0, 0, -1.0, 0.0, 1
0, 0, 0.0196078431372549, 0, 0, 0, 0, -0.5569999999999999, -0.0516, 1
0, 0, 0.04, 0, 0, 0, 0, -1.0, 0.0, 1
0, 0, 0.021897810218978103, 0, 0, 0, 0, -0.741, 0.0, 1
0, 0, 0.008849557522123894, 0, 0, 0, 0, -1.0, 0.0, 1
0, 0, 0.03225806451612903, 0, 0, 0, 0, -1.0, 0.0, 1
0, 0, 0.03125, 0, 0, 0, 0, -1.0, 0.0, 1
0, 0, 0.02857142857142857, 0, 0, 0, 0, -0.14999999999999997, 0.5719, 1
0, 0, 0.023255813953488372, 0, 0, 0, 0, -0.414, 0.4404, 1
0, 0, 0.022222222222222223, 0, 0, 1, 0, -0.36400000000000005, -0.5046, 1
0, 0, 0.03333333333333333, 0, 0, 0, 0, -1.0, 0.0, 1
0, 0, 0.02040816326530612, 0, 0, 0, 0, -1.0, 0.0, 1
0, 0, 0.023809523809523808, 0, 0, 0, 0, -1.0, 0.0, 1
0, 0, 0.041666666666666664, 0, 0, 0, 0, -1.0, 0.0, 1
0, 0, 0.010638297872340425, 1, 0, 0, 0, -1.0, 0.0, 1
0, 0, 0.02702702702702703, 1, 0, 0, 0, -1.0, 0.0, 1
0, 0, 0.043478260869565216, 0, 0, 0, 0, -1.0, 0.0, 1
0, 0, 0.01639344262295082, 0, 0, 0, 0, -0.6439999999999999, 0.3818, 1
0, 0, 0.015384615384615385, 0, 0, 0, 0, -0.6319999999999999, -0.4023, 1
0, 0, 0.02564102564102564, 0, 0, 0, 0, -1.0, 0.0, 1
0, 0, 0.07272727272727272, 0, 0, 0, 0, -0.11800000000000005, -0.743, 1
0, 0, 0.03333333333333333, 0, 0, 0, 0, 0.01200000000000001, 0.6249, 1
0, 0, 0.037037037037037035, 0, 0, 0, 0, -1.0, 0.0, 1
0, 0, 0.08695652173913043, 0, 0, 0, 0, 0.14599999999999996, 0.6166, 1
0, 0, 0.03571428571428571, 1, 0, 0, 0, -0.6180000000000001, -0.3818, 1
0, 0, 0.034482758620689655, 0, 0, 1, 0, -1.0, 0.0, 1
0, 0, 0.05128205128205128, 0, 0, 0, 0, -0.43, 0.4201, 1
0, 0, 0.027777777777777776, 0, 0, 1, 0, -0.37599999999999995, 0.4902, 1
0, 0, 0.0625, 0, 0, 0, 0, -1.0, 0.0, 1
0, 0, 0.030303030303030304, 0, 0, 1, 0, -1.0, 0.0, 1
0, 0, 0.06451612903225806, 0, 0, 0, 0, -0.14999999999999997, 0.5719, 1
0, 0, 0.041666666666666664, 0, 0, 0, 0, -0.038000000000000034, 0.5719, 1
0, 0, 0.027777777777777776, 0, 0, 0, 0, 0.34400000000000003, 0.802, 1
0, 0, 0.02127659574468085, 0, 0, 0, 0, 0.20399999999999996, 0.891, 1
0, 0, 0.04878048780487805, 1, 0, 0, 0, -1.0, 0.0, 1
0, 0, 0.024390243902439025, 1, 0, 0, 0, -0.46399999999999997, 0.296, 1
0, 0, 0.03636363636363636, 1, 0, 0, 0, -1.0, 0.0, 1
0, 0, 0.014285714285714285, 1, 0, 0, 0, -1.0, 0.0, 1
0, 0, 0.025, 0, 0, 0, 0, -1.0, 0.0, 1
0, 0, 0.041666666666666664, 1, 0, 0, 0, -0.014000000000000012, 0.7783, 1
0, 0, 0.02564102564102564, 0, 0, 0, 0, -0.5840000000000001, 0.2732, 1
0, 0, 0.04878048780487805, 1, 0, 0, 0, -0.334, 0.4588, 1
0, 0, 0.019230769230769232, 0, 1, 0, 0, -1.0, 0.0, 1
0, 0, 0.02702702702702703, 0, 0, 0, 0, -1.0, 0.0, 1
0, 0, 0.02, 1, 0, 0, 0, -0.37999999999999995, 0.4019, 1
0, 0, 0.025, 0, 0, 0, 0, -0.5640000000000001, -0.101, 1
0, 0, 0.034482758620689655, 1, 0, 0, 0, -1.0, 0.0, 1
0, 0, 0.024390243902439025, 0, 0, 0, 0, -1.0, 0.0, 1
0, 0, 0.02564102564102564, 0, 0, 0, 0, -0.44599999999999995, 0.3182, 1
0, 0, 0.025, 1, 0, 0, 0, -1.0, 0.0, 1
0, 0, 0.04, 0, 0, 0, 0, -1.0, 0.0, 1
0, 0, 0.02631578947368421, 0, 0, 0, 0, -1.0, 0.0, 1
0, 0, 0.038461538461538464, 0, 0, 1, 0, -1.0, 0.0, 1
0, 0, 0.047619047619047616, 0, 0, 0, 0, -0.07200000000000001, 0.3818, 1
0, 0, 0.08, 0, 0, 0, 0, 0.09600000000000003, 0.5622, 1
0, 0, 0.023255813953488372, 0, 0, 1, 0, -0.6419999999999999, 0.4019, 1
0, 0, 0.043478260869565216, 1, 0, 0, 0, -1.0, 0.0, 1
0, 0, 0.024390243902439025, 0, 0, 0, 0, -1.0, 0.0, 1
0, 0, 0.02702702702702703, 0, 1, 0, 0, -1.0, 0.0, 1
0, 0, 0.05, 1, 0, 0, 0, -1.0, 0.0, 1
0, 0, 0.017241379310344827, 0, 0, 0, 0, -1.0, 0.0, 1
0, 0, 0.00819672131147541, 1, 0, 0, 0, -0.542, -0.5423, 1
0, 1, 0.038461538461538464, 0, 0, 1, 0, -1.0, 0.0, 1
0, 0, 0.027777777777777776, 0, 0, 0, 0, -0.35200000000000004, 0.34, 1
0, 0, 0.034482758620689655, 0, 0, 0, 0, -1.0, 0.0, 1
0, 0, 0.03636363636363636, 0, 0, 0, 0, -1.0, 0.0, 1
0, 0, 0.017543859649122806, 1, 0, 0, 0, -0.5680000000000001, -0.296, 1
0, 0, 0.01098901098901099, 1, 0, 1, 0, -0.482, -0.6808, 1
0, 0, 0.029411764705882353, 0, 0, 0, 0, -0.08600000000000002, 0.6369, 1
0, 0, 0.04, 0, 0, 0, 0, -1.0, 0.0, 1
0, 0, 0.0851063829787234, 0, 0, 0, 0, -1.0, 0.0, 1
0, 0, 0.037037037037037035, 0, 0, 0, 0, -1.0, 0.0, 1
0, 0, 0.015151515151515152, 0, 0, 0, 0, -0.5700000000000001, -0.5504, 1
0, 0, 0.05263157894736842, 1, 0, 0, 0, -1.0, 0.0, 1
0, 0, 0.037037037037037035, 0, 0, 0, 0, -0.25, 0.34, 1
0, 0, 0.02702702702702703, 0, 0, 0, 0, -0.35200000000000004, 0.34, 1
0, 0, 0.045454545454545456, 0, 0, 0, 0, -1.0, 0.0, 1
0, 0, 0.01818181818181818, 0, 0, 1, 0, -0.5660000000000001, 0.3612, 1
0, 0, 0.02702702702702703, 0, 0, 1, 0, -1.0, 0.0, 1
0, 0, 0.030303030303030304, 0, 0, 0, 0, -1.0, 0.0, 1
0, 0, 0.020833333333333332, 0, 0, 0, 0, -1.0, 0.0, 1
0, 0, 0.0196078431372549, 0, 0, 0, 0, -1.0, 0.0, 1
0, 0, 0.017543859649122806, 0, 0, 0, 0, -0.35400000000000004, 0.5106, 1
0, 0, 0.03125, 0, 0, 0, 0, -1.0, 0.0, 1
0, 0, 0.03225806451612903, 0, 0, 0, 0, -1.0, 0.0, 1
0, 0, 0.01694915254237288, 1, 0, 0, 0, -0.526, 0.4215, 1
0, 0, 0.022727272727272728, 0, 0, 0, 0, -1.0, 0.0, 1
0, 0, 0.04, 1, 0, 0, 0, -1.0, 0.0, 1
0, 0, 0.05405405405405406, 0, 0, 0, 0, -0.38599999999999995, -0.4767, 1
0, 0, 0.012048192771084338, 0, 0, 0, 0, -1.0, 0.0, 1
0, 0, 0.034482758620689655, 0, 0, 1, 0, -0.21999999999999997, 0.4939, 1
0, 0, 0.009900990099009901, 1, 0, 0, 0, -1.0, 0.0, 1
0, 0, 0.03225806451612903, 0, 0, 0, 0, 0.02400000000000002, 0.6369, 1
0, 0, 0.05, 0, 0, 0, 0, -0.30100000000000005, -0.0516, 1
0, 0, 0.027777777777777776, 0, 0, 0, 0, -0.264, 0.4588, 1
0, 0, 0.06451612903225806, 0, 0, 0, 0, -0.08600000000000002, 0.6369, 1
0, 0, 0.015384615384615385, 0, 0, 0, 0, -0.764, -0.5574, 1
0, 0, 0.03333333333333333, 0, 0, 0, 0, -1.0, 0.0, 1
0, 0, 0.03225806451612903, 0, 0, 0, 0, -1.0, 0.0, 1
0, 0, 0.037037037037037035, 0, 0, 0, 0, -0.15999999999999998, 0.4404, 1
0, 0, 0.03333333333333333, 0, 0, 0, 0, -1.0, 0.0, 1
0, 0, 0.043478260869565216, 0, 0, 0, 0, -1.0, 0.0, 1
0, 0, 0.023809523809523808, 0, 0, 1, 0, -0.37000000000000005, 0.3182, 1
0, 0, 0.02564102564102564, 1, 0, 0, 0, -0.6559999999999999, -0.3612, 1
0, 0, 0.014705882352941176, 1, 0, 0, 0, -1.0, 0.0, 1
0, 0, 0.02702702702702703, 0, 0, 0, 0, -1.0, 0.0, 1
0, 0, 0.024390243902439025, 0, 0, 0, 0, -1.0, 0.0, 1
0, 0, 0.03125, 0, 0, 0, 0, -1.0, 0.0, 1
0, 0, 0.02631578947368421, 0, 0, 0, 0, -1.0, 0.0, 1
0, 0, 0.02702702702702703, 0, 0, 0, 0, -1.0, 0.0, 1
0, 0, 0.05263157894736842, 0, 0, 0, 0, -1.0, 0.0, 1
0, 0, 0.030303030303030304, 0, 0, 0, 0, -1.0, 0.0, 1
0, 0, 0.018518518518518517, 0, 0, 1, 0, -0.45399999999999996, -0.4588, 1
0, 0, 0.030303030303030304, 0, 0, 1, 0, -1.0, 0.0, 1
0, 0, 0.023255813953488372, 0, 0, 0, 0, -0.052000000000000046, 0.6597, 1
0, 0, 0.04, 0, 0, 0, 0, -0.15999999999999998, 0.4404, 1
0, 0, 0.03571428571428571, 0, 0, 0, 0, -0.334, 0.6124, 1
0, 0, 0.02040816326530612, 0, 0, 1, 0, -1.0, 0.0, 1
0, 0, 0.024390243902439025, 0, 0, 0, 0, -1.0, 0.0, 1
0, 0, 0.03225806451612903, 0, 0, 1, 0, -0.6220000000000001, 0.4215, 1
0, 0, 0.04918032786885246, 0, 0, 0, 0, -0.482, 0.5927, 1
0, 0, 0.034482758620689655, 0, 0, 0, 0, -1.0, 0.0, 1
0, 0, 0.022222222222222223, 0, 0, 0, 0, -1.0, 0.0, 1
0, 0, 0.03636363636363636, 0, 0, 0, 0, -1.0, 0.0, 1
0, 0, 0.022727272727272728, 0, 0, 0, 0, -1.0, 0.0, 1
0, 0, 0.027777777777777776, 0, 0, 0, 0, -1.0, 0.0, 1
0, 0, 0.023255813953488372, 0, 0, 0, 0, -1.0, 0.0, 1
0, 0, 0.029411764705882353, 0, 0, 0, 0, -0.428, -0.4215, 1
0, 0, 0.02040816326530612, 0, 0, 0, 0, -1.0, 0.0, 1
0, 0, 0.01694915254237288, 0, 0, 0, 0, -1.0, 0.0, 1
0, 0, 0.030303030303030304, 0, 0, 0, 0, -1.0, 0.0, 1
0, 0, 0.030303030303030304, 0, 0, 1, 0, -1.0, 0.0, 1
0, 0, 0.02564102564102564, 1, 0, 0, 0, -1.0, 0.0, 1
0, 0, 0.0196078431372549, 0, 0, 0, 0, -1.0, 0.0, 1
0, 0, 0.07894736842105263, 0, 1, 1, 0, -0.382, -0.2638, 1
0, 0, 0.03125, 0, 0, 0, 0, -0.8, -0.1419, 1
0, 0, 0.020833333333333332, 0, 0, 1, 0, -1.0, 0.0, 1
0, 0, 0.021739130434782608, 0, 0, 0, 0, -0.571, -0.0258, 1
0, 0, 0.03225806451612903, 0, 0, 0, 0, -1.0, 0.0, 1
0, 0, 0.022222222222222223, 1, 0, 0, 0, -1.0, 0.0, 1
0, 0, 0.017241379310344827, 0, 0, 0, 0, -1.0, 0.0, 1
0, 0, 0.016129032258064516, 0, 0, 0, 0, -0.704, -0.0026, 1
0, 0, 0.02127659574468085, 0, 0, 0, 0, -1.0, 0.0, 1
0, 1, 0.009523809523809525, 1, 0, 1, 0, -0.472, 0.6956, 1
0, 0, 0.024390243902439025, 0, 0, 0, 0, -1.0, 0.0, 1
0, 0, 0.02857142857142857, 0, 0, 0, 0, -0.19399999999999995, 0.4019, 1
0, 0, 0.013513513513513514, 0, 0, 0, 0, -1.0, 0.0, 1
0, 0, 0.03225806451612903, 0, 0, 0, 0, -0.38799999999999996, 0.296, 1
0, 0, 0.02702702702702703, 0, 0, 0, 0, -1.0, 0.0, 1
0, 0, 0.0196078431372549, 0, 0, 0, 0, -1.0, 0.0, 1
0, 0, 0.030303030303030304, 0, 0, 0, 0, -0.176, -0.5423, 1
0, 0, 0.015873015873015872, 0, 0, 0, 0, -1.0, 0.0, 1
0, 0, 0.015151515151515152, 0, 0, 0, 0, -0.54, -0.4404, 1
0, 0, 0.022222222222222223, 0, 0, 0, 0, -0.428, -0.34, 1
0, 0, 0.016666666666666666, 1, 0, 0, 0, -1.0, 0.0, 1
0, 0, 0.09523809523809523, 0, 0, 0, 0, -1.0, 0.0, 1
0, 0, 0.01818181818181818, 1, 0, 0, 0, -1.0, 0.0, 1
0, 0, 0.027777777777777776, 0, 0, 0, 0, -0.37999999999999995, 0.4019, 1
0, 0, 0.027777777777777776, 0, 0, 0, 0, -1.0, 0.0, 1
0, 0, 0.02, 1, 0, 0, 0, -1.0, 0.0, 1
0, 0, 0.023255813953488372, 0, 0, 0, 0, -0.26, -0.6908, 1
0, 0, 0.02857142857142857, 0, 0, 0, 0, -0.10499999999999998, -0.4404, 1
0, 0, 0.03333333333333333, 0, 0, 0, 0, -0.15999999999999998, 0.4404, 1
0, 1, 0.01694915254237288, 1, 0, 1, 0, -1.0, 0.0, 1
0, 0, 0.02, 0, 0, 0, 0, -1.0, 0.0, 1
0, 0, 0.0196078431372549, 0, 0, 0, 0, -0.38599999999999995, -0.4767, 1
0, 0, 0.008771929824561403, 1, 0, 0, 0, -0.768, 0.4847, 1
0, 0, 0.029411764705882353, 0, 0, 0, 0, -0.12599999999999995, -0.4767, 1
0, 0, 0.02631578947368421, 0, 0, 0, 0, -0.6499999999999999, -0.1779, 1
0, 0, 0.038461538461538464, 0, 0, 0, 0, -1.0, 0.0, 1
0, 0, 0.029411764705882353, 0, 0, 0, 0, -0.41900000000000004, -0.1027, 1
0, 0, 0.011111111111111112, 0, 0, 0, 0, -0.46199999999999997, 0.3818, 1
0, 0, 0.012658227848101266, 0, 0, 1, 0, -0.494, -0.6597, 1
0, 0, 0.011764705882352941, 1, 0, 0, 0, -0.724, 0.34, 1
0, 0, 0.029411764705882353, 0, 0, 0, 0, -0.6000000000000001, 0.5423, 1
0, 0, 0.030303030303030304, 1, 0, 1, 0, -0.6299999999999999, 0.3612, 1
0, 0, 0.04, 0, 0, 0, 0, -0.15399999999999997, 0.296, 1
0, 0, 0.01639344262295082, 1, 0, 0, 0, -1.0, 0.0, 1
0, 0, 0.018518518518518517, 0, 0, 0, 0, -0.06000000000000005, 0.7964, 1
0, 0, 0.020833333333333332, 0, 0, 0, 0, -1.0, 0.0, 1
0, 0, 0.012987012987012988, 0, 0, 0, 0, -1.0, 0.0, 1
0, 0, 0.017241379310344827, 0, 0, 0, 0, -0.538, 0.4588, 1
0, 0, 0.034482758620689655, 0, 0, 0, 0, -0.37000000000000005, 0.3182, 1
0, 0, 0.017241379310344827, 0, 0, 0, 0, -0.524, -0.3612, 1
0, 0, 0.027777777777777776, 0, 0, 0, 0, -0.6579999999999999, -0.5423, 1
0, 0, 0.013888888888888888, 0, 0, 0, 0, -1.0, 0.0, 1
0, 0, 0.01818181818181818, 0, 0, 0, 0, -0.5680000000000001, -0.296, 1
0, 0, 0.014492753623188406, 0, 0, 0, 0, -1.0, 0.0, 1
0, 0, 0.024390243902439025, 0, 0, 1, 0, -1.0, 0.0, 1
0, 0, 0.02, 1, 0, 1, 0, -1.0, 0.0, 1
0, 0, 0.02127659574468085, 0, 0, 0, 0, -0.6679999999999999, -0.1513, 1
0, 0, 0.016129032258064516, 0, 0, 1, 0, -0.6419999999999999, -0.34, 1
0, 0, 0.022727272727272728, 0, 0, 0, 0, -0.474, -0.3612, 1
0, 0, 0.03571428571428571, 0, 0, 0, 0, -1.0, 0.0, 1
0, 0, 0.021739130434782608, 0, 0, 1, 0, -1.0, 0.0, 1
0, 0, 0.058823529411764705, 0, 0, 0, 0, -1.0, 0.0, 1
0, 0, 0.03125, 0, 0, 0, 0, -1.0, 0.0, 1
0, 0, 0.043478260869565216, 0, 0, 0, 0, -0.052000000000000046, 0.4019, 1
0, 0, 0.038461538461538464, 0, 0, 0, 0, -0.052000000000000046, 0.4019, 1
0, 0, 0.03225806451612903, 0, 0, 0, 0, -1.0, 0.0, 1
0, 0, 0.037037037037037035, 0, 0, 0, 0, -0.052000000000000046, 0.4019, 1
0, 0, 0.023255813953488372, 0, 0, 0, 0, -1.0, 0.0, 1
0, 0, 0.018518518518518517, 0, 0, 0, 0, -1.0, 0.0, 1
0, 0, 0.012658227848101266, 1, 0, 0, 0, -0.5720000000000001, 0.4203, 1
0, 0, 0.01818181818181818, 0, 0, 0, 0, -0.6519999999999999, 0.2732, 1
0, 0, 0.01639344262295082, 1, 0, 0, 0, -0.6519999999999999, 0.2263, 1
0, 0, 0.023809523809523808, 0, 0, 0, 0, -1.0, 0.0, 1
0, 0, 0.018867924528301886, 1, 0, 0, 0, -1.0, 0.0, 1
0, 0, 0.02040816326530612, 0, 0, 0, 0, -1.0, 0.0, 1
0, 0, 0.03333333333333333, 0, 0, 0, 0, -0.37000000000000005, 0.3182, 1
0, 0, 0.03571428571428571, 0, 0, 0, 0, -1.0, 0.0, 1
0, 0, 0.02127659574468085, 0, 0, 0, 0, -1.0, 0.0, 1
0, 0, 0.037037037037037035, 0, 0, 0, 0, -0.13199999999999995, 0.3182, 1
0, 0, 0.023809523809523808, 0, 0, 0, 0, -0.524, -0.3612, 1
0, 0, 0.02564102564102564, 0, 0, 0, 0, -0.238, -0.6486, 1
0, 0, 0.07142857142857142, 0, 0, 0, 0, -1.0, 0.0, 1
0, 0, 0.034482758620689655, 0, 0, 0, 0, -1.0, 0.0, 1
0, 0, 0.0196078431372549, 0, 0, 0, 0, -0.73, 0.1027, 1
0, 0, 0.027777777777777776, 0, 0, 0, 0, -0.25, 0.5574, 1
0, 0, 0.05128205128205128, 0, 0, 0, 0, -1.0, 0.0, 1
0, 0, 0.017857142857142856, 1, 0, 0, 0, -0.45399999999999996, -0.4588, 1
0, 0, 0.02040816326530612, 1, 0, 0, 0, -0.5249999999999999, -0.1531, 1
0, 0, 0.01818181818181818, 1, 0, 0, 0, -0.09800000000000003, -0.6904, 1
0, 0, 0.011235955056179775, 1, 0, 0, 0, -1.0, 0.0, 1
0, 0, 0.03571428571428571, 0, 0, 0, 0, -1.0, 0.0, 1
0, 0, 0.02, 0, 0, 0, 0, -1.0, 0.0, 1
0, 0, 0.03225806451612903, 0, 0, 0, 0, -1.0, 0.0, 1
0, 0, 0.028985507246376812, 0, 0, 0, 0, -1.0, 0.0, 1
0, 0, 0.03225806451612903, 0, 0, 1, 0, -1.0, 0.0, 1
0, 0, 0.02702702702702703, 0, 0, 0, 0, -0.15999999999999998, -0.4404, 1
0, 0, 0.015384615384615385, 1, 0, 1, 0, -0.5680000000000001, 0.5106, 1
0, 0, 0.04081632653061224, 0, 0, 0, 0, -0.524, 0.3612, 1
0, 0, 0.03333333333333333, 0, 0, 0, 0, -1.0, 0.0, 1
0, 0, 0.02631578947368421, 0, 0, 0, 0, -0.09400000000000003, 0.7003, 1
0, 0, 0.02564102564102564, 0, 0, 0, 0, -1.0, 0.0, 1
0, 0, 0.018867924528301886, 0, 0, 1, 0, -1.0, 0.0, 1
0, 0, 0.016666666666666666, 0, 0, 0, 0, -0.44399999999999995, 0.4404, 1
0, 0, 0.016129032258064516, 0, 0, 0, 0, -0.748, -0.0772, 1
0, 0, 0.030303030303030304, 0, 0, 0, 0, -1.0, 0.0, 1
